item_id|date|category|title|content|link|photo_link
眼睛紅_20210221_1|2021-02-21|眼睛紅|眼睛紅卻不痛不癢？你可能是「結膜下出血」，原因、解方一次看 ...|小露一早起床照鏡子時發現自己的眼睛紅紅的，眼白的地方像是在流血一樣，但不痛也不癢，除了紅紅的看起來很恐怖，也沒有其他不舒服的感覺，眼科醫師說這是結膜下出血，主要是因為太過勞累，請小露要多休息。結膜下出血是什麼？簡單來說，結膜下出血是眼睛的微血管破裂，血流到眼球和結膜之間，眼白的地方像是被血染紅了一樣。結膜下出血除了眼睛紅紅的之外，幾乎不會有其他像是腫、痛、癢不舒服的感覺，也不會影響視力，看東西一樣可以很清楚。造成結膜下出血的原因：過度用力：劇烈咳嗽、用力解便、搬重物、有外力衝擊導致微血管破裂。揉眼睛：揉眼會壓迫眼球，當眼球被擠壓血管就容易出血。氣溫變化太大：忽冷忽熱，眼睛的血管無法正常收縮也可能會發生血管破裂的情形。而若有合併眼球外傷，就要做比較詳細的檢查，看看是否為鞏膜裂傷或是眼球鈍挫傷，而非單純的結膜下出血。另外，如果一直反覆出現結膜下出血，則很可能跟全身性的疾病有關，像是高血壓、糖尿病會讓血管的彈性變差、構造變脆弱，血管也因此一受到刺激就容易破裂。結膜下出血要怎麼預防？結膜下出血通常會在 7 到 12 天內自行吸收，眼白上的血塊會慢慢散開，由血紅色轉為黃棕色到完全消失，通常不需要做特別的治療，就像瘀青也會自己慢慢好起來一樣。要預防結膜下出血，就要保護好眼睛的血管。避免讓身體的各個部位過度用力：用力憋氣、用力咳嗽、嘔吐、用力解便都算是過度用力。若有便秘的情形，可以多吃蔬菜水果、多補充水分、多運動，必要時可以請醫師開立軟便劑。避免揉眼：有意識的注意到自己是否有用手揉眼睛，養成不要用手摸眼睛的習慣。避免讓眼睛直吹冷風：氣溫突然變低，血管突然收縮，血壓急速上升就可能使血管突然爆開、出血，可以戴上墨鏡或是天冷風大就盡量不要出門。控制血壓、血糖：平時做好體重控制、規律運動、多吃粗食和蔬菜，以少油、少鹽、少糖、高纖維的食材為主。單純的結膜下出血並非嚴重的疾病，多休息、不要讓眼睛過勞，讓眼睛的血管保持在一個良好的狀態，就不會輕易發生結膜下出血的情況。參考資料：高醫醫訊月刊|https://heho.com.tw/archives/157395|https://encrypted-tbn1.gstatic.com/images?q=tbn:ANd9GcSZRQPqWGb5mSieKzMTrjKScxeunV_AB6qeWA0affA_pRQ9nPG3oM9U8GQ
眼睛紅_20210218_2|2021-02-18|眼睛紅|「紅眼睛」是角膜炎、結膜炎？一圖看懂兩種眼疾差異、治療方法 ...|眼睛好癢伴隨著刺痛感，沒想到越去揉眼睛，反而越紅腫，進而出現嚇人的紅眼，大部分的人第一直覺都覺得是「結膜炎」釀禍，但其實也有可能是「角膜炎」，兩者都有可能出現紅眼睛，但兩者疾病不僅治療方法不同，連嚴重程度也大不相同。結膜炎、角膜炎預後大不同正看眼睛黑白分明，包含了中間黑色的角膜，與旁邊白色的結膜，事實上結膜、角膜都是眼睛的重要構造，中國醫大新竹附醫眼科主任陳瑩山解釋：「由於角膜內面包含了光線進入眼底的瞳孔，所以會影響視力的是角膜炎。至於結膜是一種黏膜組織，包含血管，通常比較紅的是結膜炎。」只是結膜和角膜是相連接，兩者會互相影響，陳瑩山主任分析：「結膜炎的話眼睛的血管會嚴重充血，但如果發炎嚴重的話是會拓展到中間角膜，跑進去以後就會出現角膜炎、角膜破皮、如果嚴重造成角膜潰瘍，因為這些位置都在瞳孔的前面，因此才有可能會影響視力。」角膜炎較嚴重可能影響視力因此當眼睛開始出現不適，第一時間還是盡快到醫院給醫師檢查，有些病是從角膜來影響到結膜，有些病是從結膜影響到角膜，但陳瑩山主任坦言：「依照嚴重度來講角膜炎當然會比結膜炎嚴重，角膜炎一旦發生通常較為嚴重，對視力影響較大。」結膜炎比較容易判別，雙眼會充滿血絲，角膜炎沒有影響到結膜時，要判斷就一定要到眼科，陳瑩山主任說：「要用裂隙燈去做檢測、染色，才能判斷角膜炎。通常角膜細胞5到10天就會更新，如果只是輕微有點破皮感到疼痛，等到角膜會長出新生細胞，會就逐漸不痛了。」角膜炎、結膜炎皆有機會傳染只是過往如果罹患急性結膜炎，都有風險傳染給家人，陳瑩山主任解釋：「因為結膜炎大部分都是病毒細菌引起，接觸感染手碰到病毒後又揉眼睛，因此預防之道就是不要用手碰眼睛。」尤其與急性結膜炎家人同住時，就要避免共用同條毛巾。角膜炎可能由於乾眼症、揉眼睛所造成的，或是因為戴隱形眼鏡細菌感染，但如果是病毒、細菌引起的角膜炎也一樣會傳染，最好的方法還是勤洗手、避免去揉眼睛，有戴隱形眼鏡的民眾應該做好清潔及保養。陳瑩山醫師小檔案|https://heho.com.tw/archives/81551|https://encrypted-tbn0.gstatic.com/images?q=tbn:ANd9GcTm0GdwdaoePnVFXbH0bNhddRkeo-ykXBa8qhFBKa91CfRf89l3IAJkq_U
眼睛紅_20190821_3|2019-08-21|眼睛紅|常常眼睛紅紅、帶血絲？比起點眼藥水這2招更有效！ - Heho健康|雖然大家會說眼睛是我們的「靈魂之窗」，但卻很少人會每天盯著自己的眼睛觀察，總是要別人大叫「哇，你的眼睛怎麼這麼紅！」才發現自己已經變得像小白兔一樣。不過眼睛紅雖然是很常見的症狀，但沒有癢、沒有痛，很難有動力去看醫生，通常會變成買個眼藥水隨手點一下，只要眼睛不紅就好了，只是這樣可能會忽略眼睛紅帶給自己的警訊。眼睛紅的原因講到眼睛的問題，大家一定會想到3C產品。不論是低頭滑手機，還是上班打電腦，在一整天眼睛眨也不眨、使用過度之後，特別容易出現眼睛紅，眼藥水就成了辦公室常備的藥品，想到就拿起來點一下。但原本應該清澈、黑白分明、乾乾淨淨的眼睛，突然變紅，其實代表眼睛「正在流血」。可能是眼睛有外傷而出血，或是因為用眼過度、氧氣不夠，只好在眼睛後面長一些血管，叫更多氧氣過來幫忙代謝。不過那種一點、紅眼睛就消的眼藥水，其實大部分是「血管收縮劑」，這種感覺就像是，明明家裡已經又髒又亂，但不認真打掃，只把垃圾掃到沙發底下、看不到就好了。但根本的問題沒有解決，只會一直不斷出現，而且等到沙發底下滿了，垃圾還是會跑出來；就像等到身體撐不住了，眼睛的問題還是會浮現的。眼藥水點太多也可能眼睛紅！而點太多眼藥水，一方面眼睛新長出來的血管，會因為越來越習慣藥水的作用而感覺越來越沒效，甚至還會過敏；另一方面，眼睛旁邊還有許多管路，如果這些管線被阻塞的話，因為廢物代謝不出去，所以也會造成眼睛紅。像是眼睛旁邊有鼻淚管，如果點眼藥水的時候沒有按緊鼻淚管，讓眼藥水流進去，藥水會流到鼻子、嘴巴裡，還會在管路裡造成沈澱，如果又沒有適當清潔眼睛周圍，久而久之就變成眼睛的結石，自然常常覺得眼睛紅、乾癢。（參考閱讀：《乾眼症點人工淚液「根本沒用」？醫師：重要的是洗臉》）不過眼睛紅的時候，大部分的確是眼睛過度疲勞造成的，所以也不需要太緊張。如果沒有其他症狀，而且只是短暫的紅眼一下，可以先用冰毛巾冰敷10分鐘，讓眼睛的血管舒緩一下，再用熱毛巾熱敷10分鐘，放鬆眼睛的肌肉。另外，在洗臉的時候，也要記得洗乾淨眼睛周圍，清掉眼屎，如果可以的話，也能買眼周專用的清潔液，把多餘的髒污洗掉，尤其是有化妝的人；不過最重要的，還是要記得讓眼睛休息，不過如果這些都做到了，但眼睛紅還是持續超過1星期以上，建議還是早點去看醫生比較好，可能眼睛是真的有外傷，或是眼壓、血壓飆高的前兆。|https://heho.com.tw/archives/55186|https://encrypted-tbn1.gstatic.com/images?q=tbn:ANd9GcQMVmXqdTiQ9CUvVFEwDquGUw4z4YEhslw6nA7N4rB1dmIwodIe7a5AiKQ
眼睛紅_20181128_4|2018-11-28|眼睛紅|早上起床眼睛紅紅，是乾眼症還是結膜炎？ - Heho健康|小威最近眼睛老是紅紅的，他覺得是乾眼問題，就去買了眼藥水回來點，結果隔了好幾天都沒有恢復，而且眼睛還越來越癢，他看了眼科之後才知道自己是結膜炎。眼睛紅紅的，到底是什麼問題？一般來說，眼睛應該是要純淨的、清澈，黑白分明，幾乎沒有血管，代謝的廢物、需要的營養，都透過眼睛的房水來交換；但是有時候會發現眼白的部分紅紅的，代表眼睛出現了不應該出現的血管，所以才會呈現血的顏色。但是會出現血管的原因很多種，可能是發炎或是感染，甚至是眼睛出血，所以不能以為紅紅的都是乾眼，自己買眼藥水來點可能讓感染更嚴重。眼睛紅可能的疾病一般來說，眼睛紅的時候如果還伴隨其他症狀，像是視力減退、畏光，可能是青光眼，如果有疼痛、流淚、分泌物變多，多半是發炎或是外傷造成，像是結膜炎、虹膜炎、眼瞼發炎、角膜受傷，甚至是眼球出血，或是結膜下出血。但是要特別注意的是，除了疼痛、流淚之外，會有畏光、視力減退症狀的虹膜炎，很容易被誤認為是結膜炎，但是延誤治療很可能併發白內障、青光眼，最後失明，所以眼睛畏光、視力減退千萬不要自己買藥點，要儘早看醫生。眼睛紅的特殊問題不過還有一個很特別的眼睛紅疾病，是「完全沒有」其他症狀的，就是結膜下出血，患者不會感覺眼睛有什麼異常，但是照鏡子的時候，因為會看到眼睛裡一團血、不是少少的血絲，所以很多人都會被嚇一跳。結膜下出血可能是外力造成，用力咳嗽、揉眼睛、上廁所，造成出血，或是服用抗凝血劑造成出血，一般來說不用特別擔心，因為眼睛可以自行吸收這塊「淤血」；但如果常常有這樣的情形，或是過了1~2星期都沒有痊癒，就要注意是不是有糖尿病、凝血功能差的疾病。另外，眼裂斑充血跟眼翳是結膜下組織的退化、增生，長期暴露在紫外線底下就容易造成這樣的問題，結膜下組織長到眼白上面，形成充血，造成眼睛紅，不過不會有太多的其他症狀，除非刺激到結膜發炎；如果問題反覆發生，可以考慮用手術切除，如果沒有影響到視力，基本上還是觀察為主。|https://heho.com.tw/archives/28892|https://encrypted-tbn0.gstatic.com/images?q=tbn:ANd9GcTeUX2s_en7KwKHZ67Ofw3yXmXebtaFvYV7-TiUny1H4SxBswPuq-GRYoM
眼睛紅_20190525_5|2019-05-25|眼睛紅|洗完澡眼睛紅通通除了水跑進眼睛還有這個原因- Heho健康|大部分人都有過這樣的經驗，洗完澡後全身清爽，一照鏡子卻發現自己竟然像兔子一樣紅了眼，讓你忍不住擔心，是什麼造成這樣的「血輪眼」呢？其實，眼睛紅可以分成「充血性」的紅眼睛跟「出血性」的紅眼睛。所謂充血性紅眼睛指的是眼球的血管擴張，使得眼白的血絲呈放射狀分布；而出血性的紅眼睛則是眼球內血管破裂，造成大範圍充血，大多是因為外傷導致。洗澡水跑進眼睛是最常見原因洗澡後短暫的眼紅有幾種原因，首先是由於眼球中的液體與洗澡時的水濃度不同，當洗頭或是洗臉時，水流進眼睛，就會讓眼睛變紅。單純的水跑進眼睛，過了一段時間自然會好，但如果久久沒有恢復正常，很有可能就是因為水中的微生物感染眼睛，需要是情況就醫。不過，如果流進眼睛的不是單純的水，而是混入了洗髮精、洗面乳，因為含有具有刺激性的化學物質，更會造成眼睛紅、甚至疼痛。這時候可以使用生理食鹽水適量沖洗眼睛，幫助將化學物質帶離眼睛。如果出現眼睛紅腫、奇癢，說明可能出現了過敏症狀，就需要向眼科醫師求助了。配戴隱形眼鏡也會導致紅眼睛角膜的缺氧也會導致角膜周圍血管擴張，尤其是長期配戴隱形眼鏡。因為角膜的氧份主要來自大氣中氧，隱形眼鏡或是長期閉眼，水角膜得不到大氣的氧，於是角膜周邊的血管會擴張來供給角膜所需養份及氧氣，所以常常會覺得黑眼珠（角膜）旁邊有一圈紅紅的。如果戴著隱形眼鏡洗澡，除了鏡片會吸收自來水變硬、變緊外，即使自來水水源乾淨，也可能因為家中管線汙染，夾帶微生物、細菌或鐵鏽，這些髒東西碰觸到隱形眼鏡，細菌感染風險可能增加128倍，也會讓眼睛變紅。因此洗澡、游泳時，要儘量避免配戴隱形眼鏡。|https://heho.com.tw/archives/49906|https://encrypted-tbn1.gstatic.com/images?q=tbn:ANd9GcQ9fe3VUFrIGtEohv5XBHt7-uRo4lS2B8Dd0dGIkmCunpwC0wHYn5u72Ew
呼吸道感染_20221022_1|2022-10-22|呼吸道感染|緩解6 年咳嗽病史！秋冬上呼吸道感染症狀多，中醫治療這樣看- Heho ...|近期天氣變化大，一夜之間突然就要將冬衣一件件披上，隨之而來的是呼吸道感染患者如雨後春筍般冒出。醫師提醒，若出現久咳症狀，切記要及早就醫，把握治療時機，才能避免惡化或併發症的發生。首先了解一下「上呼吸道感染」包括哪些？從普通感冒、流行性感冒、鼻咽炎、扁桃腺炎及喉炎等都可以算是上呼吸道感染。感染的病原體以「病毒」為主，同時也會合併不同的症狀出現，較常見的就是咳嗽、喉嚨痛、流鼻水與鼻塞，或者是全身性的症狀，包含全身痠痛、疲倦、頭痛或發燒等。治療之前應先確認自己屬於哪一種疾病感染，再進行治療，千萬不要任意購買成藥，避免耽誤就醫。中醫「望聞問切」診察 施以個人化治療從中醫角度來看，上呼吸道感染屬於「外感」，是一種以風邪為主的疾病，同時也會因為每一個人的體質不同，而有不同的症狀表現。感冒會因不同體質，分為「風寒」或「風熱」。風熱會使喉嚨痛，但風寒也可能出現喉嚨痛！雖然症狀相同，但致病的因素卻大不相同。風寒甚至會出現怕冷、寒顫、肌肉緊繃僵硬等症狀；而風熱可能會出現怕熱、口乾舌燥、面色發紅、尿黃、煩躁等症狀。針對感冒治療，中醫強調的是多方蒐集病人資訊，例如望聞問切的診察蒐集，這樣才有助於準確判斷病人的狀態，並給予最適合個人的治療藥物。喉嚨痛引發後續咳嗽 中醫縮短病程免誘發過敏診間近期最常見的呼吸道感染屬於風寒感冒居多，許多患者都是因為著涼後出現感冒症狀，多數伴隨有喉嚨痛、鼻涕黏稠或痰稠難出的狀況，雖然都是風寒，卻偶爾兼夾「化熱」的現象，或許與秋季入冬、氣溫驟降，較容易促動人體的發炎免疫反應有關。此時的感冒治療，需要更細心地治療，除了風寒，也要針對化熱的狀況同步進行，更重要的是，需要避免病程的迅速轉變！因為一般感冒喉嚨痛會在消炎緩解過後，變成喉嚨癢的狀況，當喉嚨癢不停，就容易出現咳嗽不止的現象。所以在治療感冒的同時，也得預防後續咳嗽的發生，盡可能讓感冒的發病過程縮短，才能避免後續病根的拖延，也減少誘發呼吸系統過敏疾病的產生。緩解 6 年咳嗽病史 讓肺臟功能得以和諧運作門診曾有位 30 歲女性患者，就診時主訴易胸悶、喘氣，且已長達 2 個月之久！伴隨咳嗽咽癢、痰多黏稠、夜咳、鼻塞涕多、易口乾舌燥、口飲欲解、易煩躁、身微怕冷卻無汗出的症狀。過去病人約有 6 年氣喘病史，秋冬季節夜晚易發作，雖使用吸入性類固醇緩解咳嗽，但長期下來症狀仍反覆，發作頻率也無明顯下降。經中醫辨證乃屬痰熱內蘊、微惡風寒的哮喘證，使用中藥定喘湯或麻杏甘石湯的加減來作治療，搭配芍藥酸甘斂陰、緩解支氣管平滑肌痙攣，以及使用少量活血通瘀藥物來改善呼吸道發炎纖維化、增加局部循環及修復能力！在經過 3 至 4 周的調理後，咳嗽減緩、氣喘發作頻率減少 4 成左右，夜間睡眠時也較穩定，大大地增進了患者的日常生活品質。其他如感冒後咳嗽難癒、久咳痰飲壅盛的患者，使用桔梗、半夏、前胡、苦杏仁、乾薑、細辛、五味子等中藥配伍治療，達到溫化痰飲、調理肺氣宣發肅降的功能，使肺臟生理功能和諧運作，自然咳嗽症狀就可以減緩或消失。忌口辣味、炸物和冰品 修復黏膜組織免疫功能最後提醒，若因感冒而出現喉嚨痛、咳嗽等症狀，必須忌口重口味的食物，例如辣味、炸物，過鹹等食物都應避免，因為這些過度刺激的調味劑，不但會影響呼吸道黏膜的滲透壓，更會降低黏膜組織的免疫修復功能，當吃越多，喉嚨痛就好的越慢！此外，冰品也需要避免，雖然冰品剛飲用時會出現有如「冰鎮」的狀態，讓痛感暫時停止，但當黏膜的血流量減少，長久如此，喉嚨要修復健全的時間可能會因此被延誤！|https://heho.com.tw/archives/246508|https://encrypted-tbn2.gstatic.com/images?q=tbn:ANd9GcQXLMj4AwV_90Etm1-E43FhahuL5isxvbhd00I2orWBjksfwVOjJtr6cWI
呼吸道感染_20221009_2|2022-10-09|呼吸道感染|小小孩的呼吸道殺手！認識「呼吸道融合病毒」 - Heho健康|對身體發展和免疫力尚未成熟的嬰幼兒來說，環境中潛藏許多的危險，其中呼吸道融合病毒（RSV）是造成兩歲以下小孩住院的常見原因之一，到底呼吸道融合病毒是什麼？為什麼對嬰幼兒來說如此致命呢？認識「呼吸道融合病毒」呼吸道融合病毒（RSV）是屬於一種副黏液病毒，感染後最常影響患者的下呼吸道。在溫帶地區通常在每年冬季之後是好發時期，會有季節性的流行，但因為臺灣位處亞熱帶和熱帶地區，四季不分明、季節性流行不明顯，幾乎整年皆有案例。感染呼吸道融合病毒會有以下的症狀，與感冒非常類似：認識呼吸道融合病毒呼吸道融合病毒為何是「小小孩的呼吸道殺手」？前述提到病毒喜歡攻擊患者的下呼吸道，這會讓氣管發炎、產生黏液阻塞，而 2 歲以下的嬰幼兒本身氣管就已經又細又狹窄，遇到充滿病毒的黏液症狀就會更加嚴重。面對如此危險的病毒，預防遠比治療還要更加重要。呼吸道融合病毒主要的傳染途徑是飛沫與接觸傳染，因此最好的預防方式就是保持良好衛生習慣，勤洗手減少接觸到病毒的機會；出入人多場所時可以戴口罩，特別是有病毒流行時少出入公共場所，從日常做好防護才能保護寶貝遠離病毒的威脅。|https://heho.com.tw/archives/242615|https://encrypted-tbn1.gstatic.com/images?q=tbn:ANd9GcSnsX9oaixf7ndElNFnVP8GX-FIiB7NVq_oBIVHiV8PLyq7lL10Eh_Qc9XJ
呼吸道感染_20200525_3|2020-05-25|呼吸道感染|新冠全球大流行！醫師：攝取維生素D比以往來得更重要- Heho健康|哈佛醫學院和布萊根婦女醫院的醫學教授曼森博士在5月11日受訪時指出，維生素D具有抵抗新冠肺炎的潛力。正值新冠肺炎（COVID-19）全球大流行之際，維生素D可能比以往任何時期都來得重要。長久以來，我們知道維生素D對於骨骼健康、心臟代謝健康、和固有的免疫力（innate immunity）都至關重要，並能增強抵抗病毒的免疫功能。越來越多的證據顯示，維生素D的濃度可能與感染新冠肺炎的風險以及感染後生病的嚴重程度有關。體外呼吸道細胞培養的實驗已經證實，維生素D具有免疫調節作用，可以減輕發炎，這可能有助於減緩新冠肺炎在肺部產生細胞激素的風暴。臨床個案研究顯示，呼吸道感染患者血中的25-羥基維生素D（25-hydroxy-vitamin D）含量偏低。直接來自新冠肺炎患者的證據是東南亞三家醫院的一項觀察性研究，顯示新冠肺炎重症患者維生素D缺乏的盛行率，比輕症患者高出許多。尤其，住院時維生素D缺乏的新冠肺炎患者，變成重症的風險比維生素D含量足夠的患者高出8倍之多。因此，維生素D有助於抵抗呼吸道感染的證據變得很有說服力。所以，醫生要鼓勵患者到戶外運動，同時保持適當的社交距離。即使偶而曬曬太陽，也會增加皮膚中維生素D的合成。如何從飲食中攝取維生素D飲食也很重要。建議大家養成閱讀食品標籤上維生素D含量的習慣，選擇含量較高的食物，例如添加D的強化麥片，和曬乾的菇類等。對於無法到戶外活動且飲食中維生素D攝取量較低的患者，應考慮使用補充劑。維生素D建議的膳食量為成人每天 600-800 IU（國際單位），但在新冠肺炎期間，每天補充 1000-2000 IU的維生素D也是合理的。不過，正常情形下並不建議成人每日超過 2000 IU的維生素D，以避免中毒的危險。挑選維生素D要注意！型態有分為兩種維生素D主要有兩種型態。維生素D2又稱為鈣化醇（calciferol）活性較低，主要來自植物的酵母菌和曬乾的菇蕈類。另一種則是維生素D3又稱為膽鈣化醇（cholecalaiferol），大部分為動物來源如從綿羊毛提取的羊毛脂，少數的素食來源也含有維生素D3如地衣和藻類。因為D2和D3都可以通過身體代謝產生具有活性的1,25(OH)2維生素D，所以兩種都有效。不過，維生素D3的生物利用率以及提高血清維生素D濃度較維生素D2高，在選擇時可以考慮以維生素D3為主要來源。由於攝取非活性的維生素D，身體可以依照自己的需求來轉化成為需要的活性D，食用上比較安全，非活性的維生素D3單位大都是以IU標示。對於素食者而言，可以選擇從藻類或苔癬100%非動物來源的非活性維生素D3，不但愛心又環保、食用比較安全、而且生物利用率也高。另外，因為液態維他命的吸收效果高於膠囊和錠劑，液體的植物來源、非活性的維生素D3也是個不錯的選擇。|https://heho.com.tw/archives/85024|https://encrypted-tbn2.gstatic.com/images?q=tbn:ANd9GcRomxIXoARoNgGqNiIvfT_dioPoW_4Qspd6Gtu_aJG7F6eHkF_D-VrIDbea
呼吸道感染_20220417_4|2022-04-17|呼吸道感染|COVID-19／Omicron 更易致上呼吸道感染！兒童尚未接種疫苗，專家 ...|本土疫情連日破千例，而根據美國醫學協會刊登一項研究顯示，Omicron 更有可能在兒童中引起上呼吸道感染，進而使兒童出現心臟病及其他並發症發作的風險。 Omicron 讓兒童更易出現哮吼研究人員表示，由於兒童呼吸道較狹窄，因此上呼吸道感染更容易出現併發症，研究發現染疫兒童出現上呼吸道感染比率從 2020 年 3 月至 2021 年 5 月的 1.5% 上升至 2021 年 12 月至 2022 年 2 月的 4.1%。因染疫疾上呼吸道感染住院的兒童中，有 21.1% 出現重症，需要採取輔助措施幫助孩童呼吸，此外，美國 CDC 也表示，在 Omicron 為主流病毒株時期，兒童因新冠肺炎住院的可能性是 Delta 時期的 4 倍。研究人員表示，Omicron 可能比肺部更容易感染上呼吸道，從而降低了嚴重的肺部疾病的風險，但增加了上呼吸道疾病的風險，尤其上呼吸道疾病更容易發生在兒童。目前美國 5 歲以下孩童上未接種疫苗，台灣則是 12 歲以下孩童暫時不能接種新冠肺炎疫苗，不少家長也擔心，尚未接種疫苗的寶貝們恐成為染疫高危險族群，面對來勢洶洶的疫情，根據《富比士》報導，美國兒科學會全國發言人 Natasha Burgert 也給出幾點意見，幫助家長確保孩童安全。懷孕期間接種新冠疫苗為了保護胎兒不要感染新冠肺炎，建議準媽咪們懷孕時應接種新冠肺炎疫苗，研究一直表明染疫孕婦對母嬰健康的風險更高，懷孕期間接種疫苗也能迅速保護嬰兒免受病毒侵害，研究表明，孕婦通過胎盤將持久抗體傳遞給胎兒，這些抗體在出生後的幾個月內能保護新生兒不會染疫。照顧兒童者也應接種新冠疫苗這是一種保護策略，助於兒童不易染病，若父母、孩童照顧者皆接種疫苗，對於孩童就像是行成保護罩，降低感染風險。新冠肺炎容易在家中傳播，而根據研究表示，若成年人接種新冠疫苗，傳給高風險族群的機率會降低，因此，在幼兒園、家中、兒童中心等許多孩童聚集場所，建議照顧者都要打滿新冠肺炎疫苗。維持好免疫力當家中有未接種疫苗的孩童，家長可以透過以下幾種方式增強孩子免疫力，降低染疫機率：|https://heho.com.tw/archives/214997|https://encrypted-tbn0.gstatic.com/images?q=tbn:ANd9GcRntFlk3zuJxos3N-mwAQEw4_2sZMNnQIQM77pRIqfesgN_twXuE-iO63MQ
呼吸道感染_20221014_5|2022-10-14|呼吸道感染|小小孩呼吸道殺手！秋冬呼吸道融合病毒感染增多，施打RSV 單株 ...|時序進入秋冬時節，林口長庚紀念醫院新生兒科自 9 月下旬至 10 月初，短短 2 週內就已收治 6 名罹患呼吸道融合病毒（RSV）的未滿月小嬰兒，醫師特別提醒家長，若是家中有高危險族群的嬰幼兒，應及早施打 RSV 單株抗體，降低感染風險以減少併發症的發生。好發於秋冬季的呼吸道融合病毒（RSV），是造成嬰幼兒細支氣管炎最常見原因。林口長庚紀念醫院新生兒科主任江明洲指出，台灣自 2021 年爆發 COVID-19 疫情後，已連續 15 個月沒有呼吸道融合病毒感染個案，不過近來隨著防疫政策鬆綁、疫情解封，今年官方報告的首例 RSV 感染病例已在 9 月出現。好發於 2 歲以下嬰幼兒 一年四季都需提防發生林口長庚紀念醫院新生兒科於 9 月下旬至 10 月初，已經收治了 6 名未滿月、因呼吸道融合病毒感染而住院的小嬰兒，年齡介於 2 至 3 週大；其中一位是出生 35 週的早產兒、2 位是出生體重小於 2500 公克的低出生體重兒，更有 2 位因呼吸窘迫，被收治到新生兒加護病房接受呼吸器治療。林口長庚紀念醫院副院長邱政洵特別提醒，呼吸道融合病毒是單股的 RNA 病毒，好發於秋季至春季，但因台灣位處亞熱帶，四季不顯著，所以一年四季都會出現，家長更需特別防範。初期症狀類似感冒 聽到咻咻聲和喘鳴聲得當心呼吸道融合病毒主要藉由飛沫或接觸傳染，潛伏期約為 2 至 8 天，會在人類呼吸道細胞繁殖並破壞，造成發炎反應，使細支氣管水腫並發生黏液阻塞。呼吸道融合病毒初期症狀和感冒類似，會出現發燒、流鼻水、咳嗽、呼吸急促、餵食困難、肺部痰液增加，或是呼吸時會聽到「咻咻咻」的喘鳴聲等症狀。由於嬰幼兒的呼吸道相對狹小，更容易因為增多的痰液，造成小氣道阻塞，而發生呼吸急促、呼吸窘迫，甚至出現發紺或呼吸暫停。早產兒和免疫不全寶寶風險高 施打 RSV 疫苗提高抵抗力一般健康的寶寶若感染 RSV 住院，平均住院天數約需 5 至 7 天，但對於肺部發育未完全的早產兒，或是免疫功能不全的小寶寶，例如先天性心臟病或神經肌肉疾病，就是非常棘手的問題，嚴重者會造成呼吸困難，住進加護病房和重症的風險就相對非常的高。由於呼吸道融合病毒感染尚無特效療法，治療上通常以支持性療法為主，包括氧氣給予、化痰等，因此醫師呼籲防疫勿鬆懈，特別是高危險族群的嬰幼兒，更該施打 RSV 單株抗體，降低感染風險與減少併發症的發生。例如未滿 33 週或合併慢性肺病的早產兒，以及符合條件的先天性心臟病童，建議施打 RSV 疫苗，以提供良好的抵抗力，降低感染風險。江明洲最後也提醒，由於嬰幼兒個案多數是大人傳染小寶寶，因此呼籲家長在照顧家中嬰幼兒時必須勤洗手和消毒，避免帶嬰幼兒出入人潮擁擠的公共場合；家中果有年紀較長的哥哥姊姊，也都要特別留意。|https://heho.com.tw/archives/245561|https://encrypted-tbn1.gstatic.com/images?q=tbn:ANd9GcQeO0Yf603QjcOyhAguX-WY8LoZDipED23H4OT23OV1JLda8UeP80ECY1w
糖尿病_20210217_1|2021-02-17|糖尿病|為什麼會得糖尿病？糖尿病症狀、原因、預防一次看懂！15 條習慣中 ...|目錄為什麼會得糖尿病？糖尿病原因是什麼？一般人在進食之後，食物在消化分解的過程中會產生葡萄糖，胰臟感受到葡萄糖的刺激，就會分泌「胰島素」讓葡萄糖進入細胞內、轉換成能量，讓我們身體有足夠的能量可以進行各種活動。而「糖尿病」簡單來說，就是血液中的糖分變多，但糖分沒辦法變成熱量、也沒辦法被身體利用，等於讓整個身體都泡在糖水裡，卻沒辦法獲得糖水的熱量，所以會一直覺得很餓。而身體之所以會沒辦法使用糖分，有幾個原因：缺乏能幫助身體利用糖分的胰島素製造胰島素的胰島細胞不明原因壞死攝取的糖分、熱量過高過胖有其他的慢性病如高血壓、高血脂或癌症 當這些原因持續很長一段時間之後，身體再也無法恢復到可以正常「利用糖分」的狀態，就會形成糖尿病。 但如果身體缺乏胰島素，或是細胞無法使用胰島素、產生了「胰島素阻抗」，血液中的糖分就無法進入細胞中，造成身體缺乏營養、同時傷害血管，就形成了「糖尿病」。 所以產生糖尿病的關鍵原因，就在身體有沒有「分泌足夠」的胰島素、能不能「正確使用」胰島素，除了飲食之外，其實體質、運動、壓力，也都會影響。糖尿病的3大因子體質：例如第一型糖尿病，是因為自體免疫的問題，導致身體破獲胰島細胞、無法製造足夠的胰島素；或是在懷孕時曾有過妊娠糖尿病，得到糖尿病的機率會增加。 飲食運動等生活習慣：如果習慣吃太多、不運動，攝取過多熱量或是體內有過多的脂肪，都會讓胰臟過度工作，造成胰島素阻抗。壓力：壓力會讓身體內分泌失調，導致腎上腺素、皮質醇等壓力荷爾蒙過度分泌，造成胰島素阻抗。多吃、多喝、多尿就是糖尿病嗎？糖尿病症狀有哪些？糖尿病最常被提到的症狀就是「三多」，也就是多吃、多喝、多尿，不過剛剛有提到，糖尿病會讓整個身體都泡在糖水裡，所以不是只有這些症狀，而是會造成全身性的不舒服，但這些症狀可能是從很輕微的症狀開始。多吃、容易餓多喝多尿腋下、脖子等皮膚皺摺處變黑容易疲勞體重莫名下降身體燥熱、多汗反覆尿道炎皮膚搔癢牙齦反覆發炎手、腳容易麻癢刺痛眼睛變模糊白天嗜睡什麼人特別容易得到糖尿病？15 條糖尿病風險，你中了幾條？而在糖尿病的 3。大因子中，還可以再細分成 15 條風險，除了體質無法改變之外，生活習慣、壓力都是可以靠自己來改善的；如果 15 條因子中有 3 條符合，很可能就是糖尿病患的「候選人」，如果符合 5 條以上，可能已經是糖尿病前期而自己不知道了。如果發現自己中了 3 條，建議開始針對自己中標的風險進行改善，比如調整晚睡的作息、開始運動減肥等；如果中了 5 條以上，建議去新陳代謝科看診，看看自己的血壓、血糖、血脂是不是正常值，觀察內分泌的狀態，按照醫師的指示來設計自己應該要遵行的生活作息規劃，避免真的惡化成糖尿病。驗血糖都正常，為什麼也可能得糖尿病？糖尿病需要做什麼檢查？ 不過有些人可能很疑惑，明明自己健康檢查的時候，血糖值都正常，為什麼還會確診糖尿病？其實這有 2 個原因。 第一個原因是，血糖值在「正常」跟「糖尿病」中間，還有一個「糖尿病前期」的範圍，但在健檢報告上看不到紅字，其實代表血糖已經開始不穩定了。 第二個原因是，一般人在做健康檢查的時候，多半會檢驗「空腹血糖值」，但因為糖尿病是「把高血糖調降回正常值」的能力變差，所以「飯後血糖值」更容易了解自己是不是有糖尿病。 所以有些人可能飯前血糖值正常、甚至過低，但飯後血糖值會過高，建議做糖尿病檢查時，應該 2 個數值都要測，會比較準確。糖尿病會好嗎？當發現糖尿病的時候，負責製造胰島素的胰島細胞通常只剩下一半。而這些胰島細胞是沒辦法再度復原的，所以目前還沒有辦法讓糖尿病「痊癒」。只能用藥物來讓血糖控制在一定的範圍。什麼是第一型糖尿病？什麼是第二型糖尿病？第一型糖尿病負責分泌胰島素的胰島細胞，被免疫系統或其他原因破壞，導致先天性缺乏胰島素，必須透過注射胰島素來維持身體的糖分代謝，避免酮酸中毒；通常是幼兒居多，發病年齡最常見是剛出生到 10 歲左右，但也有可能成年才發病。第二型糖尿病最常見的糖尿病型態，通常是因為某些身體狀況，像是肥胖、其他疾病，而導致胰島細胞壞死，或是胰島素無法發揮作用，讓身體處在高血糖狀態。得到糖尿病會死嗎？糖尿病的併發症對身體有什麼傷害？其實「得到」糖尿病並不會馬上死掉，但全身泡在糖水裡，還是會造成很大的傷害。常見的糖尿病併發症心臟病：50％的糖尿病患者會得到心血管相關的疾病，如心肌梗塞。腎臟病變：40％的糖尿病患者會得到腎臟相關的疾病，如洗腎（透析）。視網膜病變：30％的糖尿病患者會得到視網膜相關的疾病，如視網膜剝離、失明。骨折：糖分會破壞骨骼結構造成骨折。神經病變：手腳會變得麻木，或是身體的感覺變遲鈍。得到糖尿病的治療方式？我該怎麼辦？得到糖尿病雖然代表身體的胰島細胞出問題，但還是可以透過控制血糖、良好的生活作息來保住健康，也有不少人控制了20、30 年，都跟正常人差不多。讓血糖控制在正常值定期檢查併發症保持愉快的心情生活、三餐作息固定糖尿病需要吃保健食品嗎？可以幫助降血糖嗎？ 其實許多天然食物本身就有「降血糖」的功效，如果要吃保健食品，不如選擇天然的食物來吃。 當然有些時候，保健食品可以幫助補足糖尿病患不足的營養，但通常保健食品不會只有一種成分，有些成分反而可能加重糖尿病的狀況，建議可以跟醫師、營養師討論，再看是不是需要吃。 |https://heho.com.tw/archives/67450|https://encrypted-tbn0.gstatic.com/images?q=tbn:ANd9GcS7fEjqY8PIIoNZqsVBDbFYDqQ68A_omINqhcKiNXcoVSbKrojHY20M6xU
糖尿病_20200417_2|2020-04-17|糖尿病|血糖值正常也可能會得糖尿病？關於糖尿病的9 大Q&A - Heho健康|ㄌ以往提到台灣的「國病」，大家都會想到肝病、腎病，但隨著糖尿病患人口突破200萬，糖尿病已經成為新一代的國病。根據國家衛生研究院、糖尿病衛教學會共同統計的「2019台灣糖尿病年鑑」，台灣糖尿病的盛行率已經超過11％，患者人數已經超過230萬人。但到底糖尿病是什麼？要怎麼預防糖尿病？很多人還是停留在「不吃糖」的概念上，即使自己確診糖尿病，也不知道到底該做什麼、要怎麼辦。一、為什麼會得糖尿病？糖尿病是什麼？「糖尿病」簡單來說，就是血液中的糖分變多，但身體沒辦法利用這些糖分，等於讓整個身體都泡在糖水裡，卻沒辦法獲得糖水的熱量，所以會一直覺得很餓。而身體之所以會沒辦法使用糖分，有幾個原因：缺乏能幫助身體利用糖分的胰島素製造胰島素的胰島細胞不明原因壞死攝取的糖分、熱量過高過胖有其他的慢性病如高血壓、高血脂或癌症當這些原因持續很長一段時間之後，身體再也無法恢復到可以正常「利用糖分」的狀態，就會形成糖尿病。二、多吃、多喝、多尿就是糖尿病嗎？糖尿病的症狀有哪些？糖尿病最常被提到的症狀就是「三多」，也就是多吃、多喝、多尿，不過剛剛有提到，糖尿病會讓整個身體都泡在糖水裡，所以不是只有這些症狀，而是會造成全身性的不舒服，但這些症狀可能是從很輕微的症狀開始。多吃、容易餓多喝多尿腋下、脖子等皮膚皺摺處變黑容易疲勞體重莫名下降身體燥熱、多汗反覆尿道炎皮膚搔癢牙齦反覆發炎手、腳容易麻癢刺痛眼睛變模糊白天嗜睡三、驗血糖都正常，為什麼也可能得糖尿病？糖尿病需要做什麼檢查？不過有些人可能很疑惑，明明自己健康檢查的時候，血糖值都正常，為什麼還會確診糖尿病？其實這有2個原因。第一個原因是，血糖值在「正常」跟「糖尿病」中間，還有一個「糖尿病前期」的範圍，但在健檢報告上看不到紅字，其實代表血糖已經開始不穩定了。第二個原因是，一般人在做健康檢查的時候，多半會檢驗「空腹血糖值」，但因為糖尿病是「把高血糖調降回正常值」的能力變差，所以「飯後血糖值」更容易了解自己是不是有糖尿病。所以有些人可能飯前血糖值正常、甚至過低，但飯後血糖值會過高，建議做糖尿病檢查時，應該2個數值都要測，會比較準確。四、糖尿病會好嗎？當發現糖尿病的時候，負責製造胰島素的胰島細胞通常只剩下一半。而這些胰島細胞是沒辦法再度復原的，所以目前還沒有辦法讓糖尿病「痊癒」。五、什麼人特別容易得到糖尿病？六、什麼是第一型糖尿病？什麼是第二型糖尿病？第一型糖尿病：負責分泌胰島素的胰島細胞，被免疫系統或其他原因破壞，導致先天性缺乏胰島素，必須透過注射胰島素來維持身體的糖分代謝，避免酮酸中毒；通常是幼兒居多，發病年齡最常見是剛出生到10歲左右，但也有可能成年才發病。第二型糖尿病：最常見的糖尿病型態，通常是因為某些身體狀況，像是肥胖、其他疾病，而導致胰島細胞壞死，或是胰島素無法發揮作用，讓身體處在高血糖狀態。七、得到糖尿病會死嗎？對身體有什麼傷害？其實「得到」糖尿病並不會馬上死掉，但全身泡在糖水裡，還是會造成很大的傷害。常見的糖尿病併發症心臟病：50％的糖尿病患者會得到心血管相關的疾病，如心肌梗塞。腎臟病變：40％的糖尿病患者會得到腎臟相關的疾病，如洗腎（透析）。視網膜病變：30％的糖尿病患者會得到視網膜相關的疾病，如視網膜剝離、失明。骨折：糖分會破壞骨骼結構造成骨折。神經病變：手腳會變得麻木，或是身體的感覺變遲鈍。八、得到糖尿病，我該怎麼辦？得到糖尿病雖然代表身體的胰島細胞出問題，但還是可以透過控制血糖、良好的生活作息來保住健康，也有不少人控制了20、30年，都跟正常人差不多。讓血糖控制在正常值定期檢查併發症保持愉快的心情生活、三餐作息固定九、糖尿病需要吃保健食品嗎？可以幫助降血糖嗎？其實許多天然食物本身就有「降血糖」的功效，如果要吃保健食品，不如選擇天然的食物來吃。當然有些時候，保健食品可以幫助補足糖尿病患不足的營養，但通常保健食品不會只有一種成分，有些成分反而可能加重糖尿病的狀況，建議可以跟醫師、營養師討論，再看是不是需要吃。|https://heho.com.tw/archives/78901|https://encrypted-tbn0.gstatic.com/images?q=tbn:ANd9GcRpaZqdFWYswrkrBs4cWZaRIhJD7eEFCaMKEdBVC6G-W9tBrbTbrmo150Fx
糖尿病_20211022_3|2021-10-22|糖尿病|糖尿病是「脾胃機能」出問題！中醫介入逆轉初期糖尿病- Heho健康|《黃帝內經》言：「膏粱之變，足生大疔」，說明飲食吃得太好、營養過剩，會導致足部病變，說的就是糖尿病，(刪除) 導致的糖尿病足。但是古代沒有血糖檢測，也沒有糖尿病這個病名，而是稱做「消渴症」。《醫方集解》說：「渴而多飲為上消，肺熱也。多食善饑為中消，胃熱也。渴而小便數有膏為下消，腎熱也。皆火盛而水衰也。上輕中重下危，如上中平則不傳下，腎消小便甜者為重。」古代醫者認為，消渴症的病因源自於過食肥甘、五臟虛弱、情志失調，病機為陰虛內熱津虧。並把消渴症分成上消、中消、下消，對應的是糖尿病進程，先是多喝、然後多吃，到「飲一升、溲一升」多尿症的下消期，即進入腎損傷。趁著糖尿病前期逆轉疾病 透過中醫介入來改善中醫師賴睿昕表示，雖然糖尿病無法治癒，但在前期開始出現跡象時，若能即時調整飲食與生活習慣，許多患者在妥善治療、調養後血糖便能恢復正常，仍有機會逆轉罹患糖尿病的宿命。糖尿病前期，指的是剛發現有血糖偏高的狀況，但還未進入需要服藥的階段，僅能說是：成為「糖尿病的候選人」。此階段通常不會有任何症狀，大多都是在健康檢查時發現，這時醫師多會提醒「注意血糖值、飲食要節制」。賴睿昕提到，當體內胰島素的效用對於血糖的敏感度變差時，血液裡過多的糖沒有辦法被身體回收再利用，這時透過中醫治療的介入是最有幫助的，主要是著重於解決血糖在身體吸收利用的功能。藉由調理脾胃機能穩定血糖 避免併發症發生賴睿昕說明，中醫治療糖尿病主要方式是透過調理脾胃消化系統機能，讓存在於血液裡面過多的葡萄糖，得以被人體再吸收及利用，進而達到調降血糖的目的。她認為，糖尿病前期藉由中醫的辨證論治，基本上都可以獲得非常好的改善甚至逆轉，但是如果是已經進入服藥期，或太晚治療，身體調節代謝異常的體質就不易更動，想要恢復正常就很困難了。不過，(刪除) 即使是確診的糖尿病患者，還是可以透過中醫輔助治療來達到平穩血糖，還能有效改善腎虛虧引起的其他老年病的症狀，延緩發生糖尿病併發症的機會。糖尿病辨證論治 3 證型調理這麼做賴睿昕建議，經健康檢查發現自己有血糖過高時，不妨尋求專業中醫師透過望、聞、問、切，來辨症論治，了解自己的體質，除了能讓治療事半功倍，也能找出適合的藥膳方，做為日常調理。證型 1 陰虛燥熱證型 2 氣陰兩虛症狀：身體易感沉重、容易感到飢餓、疲乏等。藥膳調養方：黃耆生脈飲材料：黃耆 3 錢、西洋參 3 錢、麥門冬 5 錢、五味子 2 錢作法：將所有材料放入鍋中，加入 1500c.c 水煮滾後，燜十分鐘去渣取汁飲用，溫熱或冰涼飲用皆可。用法：可日常當茶飲用，每日一劑。功效：黃耆調節免疫，西洋參能益氣生津、麥門冬潤燥，五味子主益氣，補不足，強陰益精，可以有效改善疲勞體虛的問題。證型 3 肝鬱脾虛症狀：情緒起伏不定，胃口不佳，吃的不多，但血糖依舊降不下來藥膳調養方：陳皮佛手疏肝飲材料：陳皮 3 錢、佛手 3 錢、茉莉花 3 錢作法：將所有材料放入鍋中，加入 1000c.c 水煮滾後，燜 10 分鐘去渣取汁飲用，溫熱或冰涼飲用皆可。用法：可日常當茶飲用，每日 1 劑。功效：陳皮理氣健脾、佛手疏肝理脾、茉莉花調和肝氣，舒緩情緒，可改善因為情緒壓力導致的高血糖。糖尿病最可怕的併發症「洗腎」 避免腎虛按節氣進補中醫師陳潮宗表示，糖尿病人最令人擔心的併發症，莫過於腎臟疾病。糖尿病腎病變是糖尿病患最常見的併發症，也是造成洗腎最主要的原因，據統計，有近一半的洗腎患者，都是由於糖尿病所致。陳潮宗解釋，中醫講到的腎不只是「腎臟」器官，而是將腎視為一個系統。中醫所謂的腎虛，指得是身體的正氣與邪氣相對抗的狀態，透過「扶正去邪」的中醫理論，以維持腎功能扶正，以去除濕熱邪毒的邪，同時透過陰陽五行、相生相剋的理論，進行臟腑調理。中醫也注重四季節氣，並作為藥物及治療方針的調整，例如，夏天會著重於心系統的調理，在桂枝、附子的使用上，還會搭配熟地黃；秋天則用補肺的百合、麥門冬、生地黃等，再依個人體質及症狀做調整，搭配食補更能達到補腎固元的效果！|https://heho.com.tw/archives/191248|https://encrypted-tbn3.gstatic.com/images?q=tbn:ANd9GcS-jRcorboBpg6cuaM_GQ5p1M1oczTyB-n3hGm3Zaa5uYhbaTdvQOd_kEv6
糖尿病_20200315_4|2020-03-15|糖尿病|「無齒」糖尿病風險增21%！別讓糖尿病找上你，就靠「每天刷3次牙 ...|保住一口好牙，除了美觀、輕鬆品嚐美食以外，近日的研究還指出，牙齒健康跟你的「糖尿病」風險也有關聯，時常刷牙可以降低罹患糖尿病的風險，而相反的，如果有缺牙太多的問題，甚至會提升糖尿病的可能性。近日，一項刊登在國際雜誌《Diabetologia》上的研究報告中，來自南韓梨花女子大學醫學院等機構的科學家們通過研究發現，每天至少刷牙三次或能降低個體8%患糖尿病的風險，而患有牙齒疾病的個體患糖尿病的風險會增加9%，缺少牙齒的人，患糖尿病的風險會增加21%。每天刷牙3次以上，降低8%糖尿病風險這項研究中，研究人員對188013名人在2003-2006年間的健康數據進行分析，這些參與者提供了過去的病史、口腔衛生狀況或實驗室檢測結果。同時研究人員以參與者自我報告的形式，收集了其口腔衛生的行為，包括刷牙次數、因任何原因看牙醫的次數和洗牙的次數等，同時統計了缺牙的情形。研究者發現，大約17.5%的人都患有牙周病，在平均隨訪10年後，大約16%（31545）的參與者患上了糖尿病。研究者發現，參與者患牙周病及牙齒缺失的數量（ 15個及以上）或與糖尿病患病風險增加9%和21%直接相關，而每天至少刷牙3次，則會降低8%患糖尿病的風險。牙周病與糖尿病的惡性循環為什麼牙齒健康跟糖尿病有關聯？研究者指出，不斷惡化的牙齒疾病或會誘發人體慢性發炎，從而就會增加炎性標誌物的產生和機體循環，之前有研究表明，這些炎性標誌物與胰島素耐受和糖尿病發生直接相關。牙周病的毒素會刺激白血球釋出發炎物質，接著發炎物質抑制胰島素的分泌，血糖值因此失去控制，使糖尿病病情加重；另一方面，糖尿病造成免疫力下降以後，牙齒組織喪失對於牙菌的抵抗力，無法合成膠原蛋白進行自我修復，牙間反而累積糖化終產物，再次引起發炎，使牙周病症狀惡化。最後研究者總結道，經常刷牙或能降低個體新發糖尿病的風險，而患牙周疾病及牙齒脫落數量的增加，也許會提高患糖尿病的風險。因此，改善口腔衛生和健康或有望幫助降低個體糖尿病的患病風險。參考資料：Improved oral hygiene is associated with decreased risk of new-onset diabetes: a nationwide population-based cohort study|https://heho.com.tw/archives/73158|https://encrypted-tbn0.gstatic.com/images?q=tbn:ANd9GcRjv4m3xpwXteqiGzNyX3xCp2i6eKo6aTBmHXevEnFj3GCLy2xucZL5PNvt
糖尿病_20221207_5|2022-12-07|糖尿病|罹患糖尿病，該注意的5大併發症- Heho健康|糖尿病是新世紀最多人得到的慢性疾病，也是最需要學會「照顧自己」的疾病，因為病程可以持續10~20年，甚至跟著一輩子。而最可怕的隱形殺手則是「併發症」，因為糖尿病初期多數沒有症狀，導致病一步一步「擴」及全身。併發症跟共病有什麼差異？併發症：糖尿病所產生因果關係的疾病，例如：糖尿病會引起心血管病變、腦血管病變、腎臟病變、足部病變等。共病：在確診糖尿病前可能就已經存在的疾病，甚至也會影響糖尿病的病情。像是糖尿病病人同時具有高血壓，兩者對於腎臟都有影響，可能會進一步造成腎臟功能惡化。併發症的可怕之處在於，一旦發生以後，往往都是不可逆，不但造成病人生活品質的降低，更造成家人極大的負擔。更複雜的是，糖尿病的併發症具有「專一性」，型態很特殊，只有糖尿病患者才會出現。糖尿病常見的５大併發症如何預防併發症？預防併發症重要是「定期追蹤」，要注意檢查並不是第一次做完就沒事了，根據每個患者的病況需要「定期追蹤」，像是視網膜檢查是一年一定要做一次，有輕微症狀者半年一次、更嚴重者三個月一次，越早期介入越有機會有好的預後。建議在每次回診時，要詳細跟醫師說最近的症狀、不舒服的地方，讓醫師能提早進行判斷跟預防治療。而患者的生活型態改變也很重要，像是控制三高、適當飲食運動，這些都會讓併發症的情形變緩，提早篩檢、診斷、治療缺一不可。|https://heho.com.tw/archives/245043|https://encrypted-tbn2.gstatic.com/images?q=tbn:ANd9GcT9NUalVyYjjTJBt4ZCvoRVyCo39Ouw1rzESOuMxeGrljN5_XxYLhck2Mw
耳鳴_20210511_1|2021-05-11|耳鳴|為什麼會耳鳴？單側、雙側耳鳴原因各不同- Heho健康|所謂耳鳴，就是在沒有任何外界相應的聲源或電刺激時，內耳或頭部所産生的聲音感覺，也就是明明外在環境沒有聲音，但耳朵卻聽到了聲音。隨著生活、工作及精神壓力的增大，愈來愈多的年輕人開始出現耳鳴的症狀，耳鳴不再只是老年人的專利。耳鳴是一種症狀與生理現象，是一種身體的警訊。當你第一時間出現耳鳴時，不用太緊張，也許是最近的壓力、生活作息太不正常了。很多耳鳴的症狀其實只要「睡眠好、壓力情緒解除，一般都可以自我緩解」；但如果是持續不斷的耳鳴，也需要注意是不是有什麼問題或狀況。單側耳鳴、雙側耳鳴的原因單側耳鳴通常是耳朵本身的受損，或是有其他東西壓迫到神經造成的「次發性耳鳴」；而雙側耳鳴除了單側耳鳴造成的問題原因之外，也包含身體其他問題造成的耳鳴。單側耳鳴的病因雙側耳鳴的病因單側的耳鳴病因情緒壓力睡眠障礙偏頭痛感冒胃酸逆流胃食道逆流更年期的躁動耳鳴的類型除了單側耳鳴、雙側耳鳴的成因會有小小不同之外，耳鳴類型也可以稍微區分原因。跟心跳一致的搏動聲音：跟血管問題比較相關，像是血管瘤、血管阻塞、睡眠不足、壓力過大等。蟬鳴唧唧叫：通常為感音神經障礙所致，而顳顎關節炎、肩頸肌肉痠痛、情緒壓力或睡眠不良、突發性耳聾也可能是這類的聲音。嗡嗡叫：耳道阻塞、耳咽管障礙、鼻咽疾病、梅尼爾氏症，可能帶有眩暈的症狀等。|https://heho.com.tw/archives/168840|https://encrypted-tbn2.gstatic.com/images?q=tbn:ANd9GcQv0taFxiRQU3QW79DbS73vy0Teu-IJKy0bu8gsbhnVnu0W4M7jnx7AqQ4
耳鳴_20200828_2|2020-08-28|耳鳴|耳鳴原因可能是胃食道逆流！耳科醫師詳解特殊症狀、找出耳鳴原因 ...|耳朵裡面出現嗡嗡聲、蟬鳴聲，或是一直有噪音的感覺，到底是耳鳴還是幻聽？其實耳鳴是很常見的問題，根據統計，有 10％ 的人會有耳鳴的問題，但大部分不太危險；長庚醫院耳科醫師、台灣耳鳴醫學會理事陳錦國就直言，「值得一提的是，通常 90% 的耳鳴是無害的。」為什麼會耳鳴？單側耳鳴、雙側耳鳴原因大不同！陳錦國說，通常人在情緒壓力下、睡不好的狀況下，也會出現耳鳴，所以很多耳鳴的症狀其實只要「睡眠好、壓力情緒解除，一般都可以自我緩解」；但如果是持續不斷的耳鳴，也需要注意是不是有什麼問題或狀況。「引起耳鳴的原因或疾病很多，不治療的話，也可能使得疾病惡化，所以說『耳鳴是身體的警訊』要特別注意。」陳錦國說。而耳鳴如果在單側、雙側的成因也不太一樣，單側耳鳴通常是耳朵本身的受損，或是有其他東西壓迫到神經造成的「次發性耳鳴」；而雙側耳鳴除了單側耳鳴造成的問題原因之外，也包含身體其他問題造成的耳鳴。單側耳鳴的病因雙側耳鳴的病因單側的耳鳴病因情緒壓力睡眠障礙偏頭痛感冒胃酸逆流、胃食道逆流更年期的躁動陳錦國也表示，除了單側耳鳴、雙側耳鳴的成因會有小小不同之外，耳鳴類型也可以稍微區分原因，幫助醫師判斷，找出真正的原因來對症下藥。跟心跳一致的搏動聲音：跟血管問題比較相關，像是血管瘤、血管阻塞、睡眠不足、壓力過大等。蟬鳴唧唧叫：通常為感音神經障礙所致，而顳顎關節炎、肩頸肌肉痠痛、情緒壓力或睡眠不良、突發性耳聾也可能是這類的聲音。嗡嗡叫：耳道阻塞、耳咽管障礙、鼻咽疾病、梅尼爾氏症，可能帶有眩暈的症狀等。耳鳴原因可能是胃食道逆流！而我們一般在發現耳鳴的時候，都會下意識的覺得「是耳朵的問題」，但其實身體的器官是很複雜的，其他器官也可能影響到耳朵。比如在 2018 年，新聞曾經報過一個案例，一名患者一直有耳鳴的困擾，但吃了 2 年的藥物都沒有改善，後來才發現是「胃食道逆流」的問題。陳錦國說，因為胃食道逆流會因為胃酸的侵蝕而導致咽喉炎，往上再引起鼻炎、中耳炎，同時也會造成耳咽管功能障礙，就會造成耳鳴的問題。「耳鳴的治療方法，要依照不同的成因來治療，沒有一個單一的治療方法。」陳錦國說，所以如果耳鳴的問題已經困擾到生活，除了控制耳鳴的症狀之外，還是要找出真正的原因，才能真正解決耳鳴的狀況。像是突發性耳聾，突然出現耳鳴、聽力喪失的症狀，一定要把握 7 天黃金治療時間，如果延遲治療，可能會導致聽力永久損失。所以出現耳鳴時，雖然不需要太緊張，但還是要解決這個問題。|https://heho.com.tw/archives/134534|https://encrypted-tbn2.gstatic.com/images?q=tbn:ANd9GcTW2CSI2zjPB7ZofJL-jEmw3d4GMxZj9faDD7fvd1lsDZo92fkrxChcayg
耳鳴_20191104_3|2019-11-04|耳鳴|10%耳鳴是糖尿病引起的！加上這些症狀，你該去檢查血糖了 ...|你曾經有耳鳴經驗嗎？根據統計，50%的人曾經有耳鳴的經驗，這其中更有1%的人，終其一生長期受到耳鳴的困擾。不過，其實在耳鳴人群中，有10%的人是因為糖尿病所引起的耳鳴！一名55歲男子，兩星期來耳朵常常有嗡嗡嗡的聲音，且日益嚴重，一度懷疑是蟲蟲跑進去耳朵，至耳鼻喉科，各項檢查均正常，後至家庭醫學科，經醫師診斷發現有口渴及多尿的症狀，並進一步檢查血糖，證實為糖尿病，治療糖尿病3個月後，耳鳴的情況也改善了。有耳鳴問題？先嘗試睡好+減肥台灣耳鳴學會理事長賴仁淙分享，其實耳鳴就是身體的警訊，第一時間出現耳鳴時，不用太緊張，也許只是你最近的壓力、生活作息太不正常了。賴仁淙建議，控制體重以及擁有好的睡眠品質，是避免耳鳴的關鍵。肥胖是許多疾病的根源，像是三高疾病、糖尿病等，都與肥胖相關。由於耳鳴是身體出問題的警訊，若是因為肥胖讓身體機能出問題，進而導致耳鳴，那麼控制體重後，許多身體問題就迎刃而解了。耳鳴好不了，竟是糖尿病！書田診所家醫科主任何一成表示，門診常發現耳鳴的患者，因為到耳鼻喉科檢查都正常，其中多有常口渴及多尿的症狀，經問診及檢驗發現是糖尿病患者，所以懷疑耳鳴是糖尿病所引起。為何糖尿病會耳鳴？何一成說明，糖尿病患因為神經血液循環及新陳代謝不良，使得耳動脈血管硬化，影響聽神經造成不正常的聽覺。此外，何一成指出，耳鳴的原因有很多，因糖尿病引起的耳鳴佔10%，耳部疾病佔50%，高血壓佔20%，高血脂佔10%，其他(鼻咽癌等)佔10%。合併這些症狀 還是做個糖尿病篩檢吧！偶爾耳鳴沒有關係，但是，當不明原因長期耳鳴的情況再加上口乾、多尿的問題時，就不可以輕忽了。何一成指出，糖尿病患者常見的症狀為口乾、多尿，其他如體重減輕、手麻腳麻、晚上腹瀉、視力變差、生殖器發炎等症狀。最後何一成提醒，糖尿病一種慢性病還可能導致視網膜病變，腎臟病變，神經退化，血管病變等全身疾病，不可不慎。而肥胖可能造成胰島素作用不良，疲勞易造成血糖上升，適當的運動可以增加身體處理血糖能力、維持理想體重、充分休息、高纖飲食，是預防糖尿病的最佳方法。而對於已經是糖尿病者，應從飲食、運動、藥物妥善控制血糖，有任何異狀應儘速尋求你的家庭醫學科醫師，以免併發症的發生。|https://heho.com.tw/archives/59083|https://encrypted-tbn1.gstatic.com/images?q=tbn:ANd9GcQMH9W74__gdo7dvxvlcOmawoXQgLr-NfS6fJX4piX-CXAFtr4-iF79ICOF
耳鳴_20190517_4|2019-05-17|耳鳴|這種人耳鳴機率超高耳科醫師：耳鳴是身體的救命警鈴！ - Heho健康|台灣的耳鳴盛行率為14%，也就是大約有322萬人可能遭受耳鳴困擾。不過其實耳鳴並不是病因，絕大部分的耳鳴是身體的警訊，表示身體有地方出現異常。近日就有研究指出，睡眠呼吸中止症的患者有最高的耳鳴風險。近期國內最新研究證實，有睡眠障礙、特別是睡眠呼吸中止症的患者，患有耳鳴風險更高。研究從2000至2012年間的健保資料庫，觀察了台灣60歲左右的診斷耳鳴的21798名患者。結果顯示，分析有睡眠障礙者中，有耳鳴問題的患者相較於無耳鳴問題的患者，高出1.36倍的睡眠呼吸中止症風險，進一步驗證有睡眠障礙患者，特別是睡眠呼吸中止症，有較高的風險患有耳鳴。台灣耳鳴學會理事長劉殿禎提醒，有睡眠障礙及睡眠呼吸中止問題患者在接受適當治療，例如採取非侵入式的正壓呼吸器治療後，能夠改善呼吸中止的狀況，耳鳴、頭暈的情況都可大幅改善。耳鳴是身體的「救命警鈴」坊間一直有傳聞認為耳鳴是腎虧的表現，耳鳴久了會有聽損問題，以及耳鳴是醫不好的，台灣耳鳴學會理事長劉殿禎指出，這些謬誤常導致大眾延遲就醫。光田綜合醫院耳鼻喉科主任賴仁淙指出，多達90%以上耳鳴都是良性且短暫的，但若是長時間出現耳鳴，尤其是單邊的耳鳴，就需要特別注意。賴仁淙表示，過去常認為因耳鳴而造成睡眠問題，但近年越來越多臨床及研究發現，事實正好相反，是因睡不好導致耳鳴發作。劉殿禎強調，耳鳴是一種可以透過診斷以及治療來改善的疾病。且超過9成以上的耳鳴屬於良性，而且只是短期現象。耳鳴其實是身體的「救命警鈴」，身體在暗示主人要趕緊找出耳鳴的真正原因。賴仁淙表示，長期耳鳴僅有1-2%的機率是腫瘤所引起的，「其他像是睡眠障礙、細菌感染、聽神經瘤、更年期失調、胃食道逆流，都可能是耳鳴的原因，」所以一旦出現耳鳴問題，雖然不用過度緊張，卻也不能輕忽大意，必須全盤仔細檢查身體的各個部位，考量耳鳴背後的隱藏原因。|https://heho.com.tw/archives/49400|https://encrypted-tbn1.gstatic.com/images?q=tbn:ANd9GcQq3UnUIPmJynQb10pXvOsW3cVHPw9sjjAXr49yRBkxM53z5nlaYTLorAY
耳鳴_20211016_5|2021-10-16|耳鳴|反覆流鼻血、耳鳴要當心！出現四大症狀可能是鼻咽癌- Heho健康|鼻咽癌是華人特有的疾病，由於有些症狀和感冒、鼻炎類似，因此有時候會被民眾忽略。而且鼻咽癌症狀也不具特異性，可能同時有多種症狀發生，所以早期診斷並不容易。如果發生了下面的四大類症狀，最好到附近的耳鼻喉科檢查，避免錯過治療良機。鼻咽癌的四大症狀要警惕！鼻咽癌的表現，就像是「百變人」，有時候會讓人忽略，如果出現以下症狀，就要提高警覺：頭頸部疼痛：側邊頭痛、頸部腫塊、部分區位頭痛口鼻出血：痰中帶血絲、鼻涕中帶血絲、反復性流鼻血鼻咽症狀：單側鼻塞、鼻涕多或是膿性鼻漏，常被誤為鼻竇炎耳部症狀：耳鳴、聽力障礙、耳悶為什麼會得鼻咽癌？不管是什麼癌症，發病原因通常都與基因有關係，鼻咽癌也不例外，不過，除了遺傳的原因之外，後天的環境因子也會引發鼻咽癌，例如：一、抽菸：香菸為刺激性的煙氣，菸主要的致癌物質為焦油，會直接引發咽喉癌，也會間接引發其他癌症。 二、大環境的髒空氣：其實只要是呼吸系統的疾病，都與大環境空氣髒汙有很大的關係，像是甲醛和其他有害物質。 三、食用過多醃漬品：醃漬品像是香腸、培根、火腿、臘肉、熱狗等，醃漬品中的亞硝酸鹽是引發鼻咽癌的主要物質，因為亞硝酸鹽進入體內會與體內的胺類結合成亞硝胺，亞硝胺是一種致癌物質。 四、EB 病毒（Epstein-Barr virus）：又稱第四型人類皰疹病毒，絕大多數的鼻咽癌細胞都帶有 EB 病毒，因此在醫學上 EB 病毒被認為和鼻咽癌有高度的相關。該怎麼治療鼻咽癌？鼻咽癌的治療，以放射治療合併化學治療為主，因為鼻咽惡性細胞對於放射治療極為敏感，通常第一期患者可以只接受放射治療，不做化學治療；第二期到第四期最好同步接受放射治療與化學治療。鼻咽癌復發的病例，則會以手術方式，同時給予化學治療、放射治療及藥物，以提高病灶根除效果，減低復發轉移機率。雖然國人發生鼻咽癌的機會較西方國家人種來得高，但是，鼻咽癌病患在治療後的存活率是非常高的，即使是第三期的患者，5年存活率還是高達7成。鼻咽癌的症狀並不明顯，不易診斷，若能提早警覺身體的異常，盡早診斷與治療，都能擁有不錯的復原效果。|https://heho.com.tw/archives/192468|https://encrypted-tbn3.gstatic.com/images?q=tbn:ANd9GcRGT8sm5T3QPX9nzPZL7I3vwMIU8eUxM0UIVFMtUzgpgLBff67XvCLhb0Y
落髮_20220505_1|2022-05-05|落髮|換季避免落髮危機？專家傳授日常觀察3 招，簡易判斷初期落髮症狀 ...|落髮是所有人的大敵，尤其是愛美女性，最怕落髮造成髮絲稀疏，影響髮型美觀效果，進而陷入焦躁與恐慌。專家建議，提早察覺落髮初期症狀，及早進行保養，才能夠有效預防落髮。女性最常見的落髮狀況有四種，包括：雄性禿、圓形禿 (壓力型落髮)、產後落髮及更年期，其中，除了因遺傳造成的雄性禿需要專業醫療幫忙，另外三種類型都能從日常觀察中，及早發現症狀，並及早進行頭髮養護。HIT 髮學苑專業講師 Keddy 就她的經驗分享，多數來詢問落髮狀況的女性，通常已開始產生明顯的落髮症狀，必須透過專業醫療來處置，才有機會恢復。但如果能在察覺到落髮初期症狀就開始進行保養，才能夠有效的預防落髮狀況。簡易判斷落髮初期症狀 3 招一般人在正常情況下每日會掉 50～150 根頭髮，很難每天精準計算具體的落髮數。Keddy 建議可透過簡易 3 招觀察，在生活中隨時觀察自身的落髮狀況，並與頭皮養護師討論恢復頭皮健康對策，以提早預防及避免陷入落髮危肌。手指梳髮：以手指梳髮來測試掉髮狀況，將兩手深入頭髮內側向上拉，每拉一次即掉落 3 根以上便需開始留意髮肌健康。搓髮檢測：拿起一搓約 10～15 根髮絲，在指尖旋轉成一束並向外輕拉，若髮絲有被扯落幾根下來，便需密切注意落髮狀況。晨間檢測：睡前可於枕頭鋪上 1 條毛巾，在早晨起床時檢查毛巾上的頭髮，若超過 3～5 根且皆為帶有小白點的頭髮，表示頭髮在經過毛巾的小小摩擦便能連根拔起，髮根的強健度明顯減弱。3 種不同落髮狀況的預防對策健康的頭髮養成除了維持健康的生活習慣與多攝取足夠營養外，日常保養是一般人最能夠掌握的方法。針對女性不同落髮狀況，Keddy 也提出預防落髮保養對策。圓形禿（壓力型落髮）：面對內外在壓力過大而造成的毛囊暫時性休止，除了嘗試讓身心靈放鬆外，也可以把握毛囊恢復期的黃金保養階段，讓重新生長出來的髮絲更健康，並加快生長速度。產後落髮：產後落髮是因為生產後體內雌激素驟降，導致大量頭髮迅速進入休止期而出現落髮狀況。雖無須過度擔心，但就像做月子一樣，在落髮期間重新調整頭皮狀況且定期清潔，就能讓生長回來的頭髮更健康茂密。更年期落髮：女性的油脂分泌量天生就較男性少，在 40、45 歲後更因油脂分泌、細胞的抗氧化能力下降，讓頭皮容易受到外在環境的傷害，此時不只應該做好清潔，更應該為頭皮適切補充營養，選用對活絡頭皮血液循環、補充毛囊養分的養髮、護髮品會有很大的助益。|https://heho.com.tw/archives/218363|https://encrypted-tbn2.gstatic.com/images?q=tbn:ANd9GcTfoZfKS-9Jj99fM1U1rBPoemXrtKg1jxQMO6kCYFWbR6egXWSYyCjAxsU
落髮_20220725_2|2022-07-25|落髮|產後掉髮該怎麼辦？4 營養素幫助落髮再生- Heho健康|好不容易捱過了生產的難關，身體的傷口也逐漸復原完畢，仔細一看卻發現地板上掉的頭髮越來越多，讓人忍不住又焦慮了起來。為什麼產後會掉髮？簡單來說主因是懷孕前後激素的變化影響了毛髮的生長週期，加上產後媽媽把許多的養分都給寶寶了，體內缺乏營養的狀況下，身體就會傾向先犧牲對附屬器官 ( 如指甲、頭髮 ) 的養分供應。補充營養幫助落髮再生雖然體內激素的變化不是我們能自由操控的，但透過補充頭髮生長所需的營養素，能夠幫助維持毛囊與毛髮的健康，也有助於減緩掉髮的情況，推薦以下幾種營養素給各位媽媽們：改善產後落髮的 4 種營養素1. 優質蛋白質蛋白質對人體來說非常重要，除了幫助組織修復和促進細胞生長，對頭髮的生長也有幫助。如果蛋白質攝取不足，身體會先將這些珍貴的養分先使用在人體中比較重要的地方，毛髮就難以得到充足的養分了。食物攝取來源：各種優質蛋白質來源食物，如牛奶、豆製品、魚類、雞蛋、肉類等。2. 鐵鐵質是造血的重要原料之一，而製造出來的紅血球又肩負運送氧氣及養分到身體各處的重任，因此如果鐵攝取不足，就容易疲憊、臉色蒼白，毛囊也容易營養狀態不佳、萎縮並落髮。食物攝取來源：紅肉、肝臟、牡蠣、黑芝麻、深綠色蔬菜等。※由於植物性來源的鐵吸收率比較低，建議與維生素 C 豐富的食物一起食用，提高吸收率！3. 鋅參與皮膚修復及細胞代謝的過程，如果鋅攝取不足，會有皮膚乾燥、食慾變差、指甲變脆及掉髮的情形，想要維持亮麗秀髮，一定要確保鋅攝取充足！食物攝取來源：主要來自海鮮（如牡蠣、生蠔）、洋菜、全穀雜糧、肉類及雞蛋等。4. 維生素 C維生素 C 是合成膠原蛋白的重要原料，膠原蛋白除了能讓皮膚保持水潤健康之外，也影響頭髮的彈性及保水度。加上維生素 C 的抗氧化功能，能對抗體內自由基產生的損傷，保護頭髮避免乾燥分岔及掉落。食物攝取來源：維他命 C 含量高的水果如芭樂、奇異果、藍莓、草莓、檸檬等。溫柔呵護身心也有助改善除了以上提到從飲食方面改善落髮狀況，也希望各位媽媽們能夠盡量放下內心的焦慮，別讓自己一直深陷在壓力之中，不只要溫柔的呵護自己的內心，也要溫柔的照顧頭皮，洗澡前用寬齒梳梳開糾結的髮絲，並輕柔按摩頭皮，相信掉髮的情形一定會慢慢改善！內容來源：生產後的大改變：掉頭髮是正常的！怎麼補才會讓頭髮長回來？看更詳細的營養素介紹：查營養－認識各式營養素和食品成分|https://heho.com.tw/archives/229934|https://encrypted-tbn1.gstatic.com/images?q=tbn:ANd9GcSEoF2EkwAaytogZHwDWBtQx7E91bXybXHtteljSFz9oYeMIZdw638xx0X7
落髮_20220825_3|2022-08-25|落髮|嚴重落髮讓髮際線上移！中醫破解落髮4 體質、改善方案- Heho健康|隨著年齡增長，會發現髮絲變得稀疏、柔細，甚至有人會感覺髮際線越來越後退。中醫師說，這就是「加齡髮質」會遇到的困擾，可透過中醫藥來改善。頭髮也會加齡，小心髮絲變軟細稀疏翰鳴堂中醫診所主治醫師康涵菁中醫師表示，臨床發現，頭髮也會隨著年齡增加而出現加齡髮質，女性約 40 歲、男性則從 20〜30 歲開始，頭髮就進入加齡階段。此時，髮絲的毛鱗片會變薄，彈力與張力也跟著減弱，頭髮的皮質層也會產生偏差，使頭髮越來越細、髮際線越來越高。如果生活壓力大、作息紊亂，則伴隨出現頭髮稀疏的問題。認識毛髮結構：外層是表皮層（cuticle）：由半透明的毛鱗片所覆蓋，主要作用是保護頭髮。內層是髓質層（medulla）：從頭皮中吸取營養物質供頭髮生長。中間層是皮質層（cortex）：是直髮、是捲髮、是粗硬髮、是細軟髮，都靠這層來決定。康涵菁指出，女性髮際線越來越高，常受到遺傳基因與內分泌調控的影響，雄性激素較高的女性容易有髮際線後退的困擾。常綁髮型、反覆綁固定髮型，則會因為拉扯，造成局部掉髮嚴重；時常染燙太靠近頭皮，傷害毛囊也會落髮。中醫看髮際線退後，與「血」和「精」有關中醫認為，「血」和「精」是人體的根本，一切內外有形的器官和組織，都與「精血」息息相關。其中，頭髮更為密切，所謂「髪為血之餘」，表示頭髮由多餘的血液生成； 「腎之華在髪」，指出腎臟的光彩表現在頭髮。她進一步說明，在在顯示頭髮的生長代謝需要仰賴血液與腎精濡養，所以，體內精血處於何狀況，從頭髮就可以看出。而「血虛、血熱、腎虛、外邪」，就是中醫認為髮際線上提的 4 大原因。血虛：營養不足，頭髮乾澀分叉康涵菁提到，頭髮由體內多餘的血液化生而成，人體如果血液充盈，則頭髮後備充足，自然濃密；如果血液虧虛，用來化生頭髮的血液不足，頭髮失其所養，自然乾枯、開叉，以至於逐漸脫髮。生活和工作壓力空前的今天，業餘時間更是應酬滿滿，這就應了「消耗過度引起血虛」之說。無論是絞盡腦力、工時過長、用眼過度，還是繁忙活動，都是烏黑髮絲的最大剋星。而門診上，也常見減肥過度的患者因髮際線後退就醫，她提醒，減重應是消耗大於攝入，無論是使用哪種方法，體重都不應該下降太快，否則就會導致血虛，容易出現掉髮問題。康涵菁建議，處於減重階段時，應該多攝取優質蛋白質，無論是瘦肉、蛋類、海鮮類、豆類等，都應該確保一天攝取足夠的蛋白質量。而在減重時期，如果出現身體不適狀況，如經期異常等，也應盡早尋求中醫師輔助調理。血熱：燥熱會髮絲變得乾枯、掉落是人體內熱能過剩的狀態。康涵菁說，生物都需要適宜的溫度，頭髮也如此。如果處於血熱狀態，頭髮就會像是生長在火爐邊的植物，只能逐漸枯萎。血熱通常發生在天氣炎熱；嗜食辛辣、高脂和甜品；情緒易受刺激發怒。有血熱體質應盡量避免食用辛辣刺激性食物，如辣椒、芥末、胡椒；脂肪含量高，如速食、油炸食品；甜品，如冰淇淋、蛋糕等；屬性溫熱或熱性食物，如羊肉、橘子、糯米等。此外，中醫認為，怒氣會轉化為熱氣，因此心情要多做調適。在 7 種情緒刺激中，暴怒或久怒最容易使人體氣血運行閉阻，多餘的氣不能順暢運行，時間久了就會轉化為血熱。她建議，平時可多做頭皮按摩紓緩壓力。腎虛：鹹味影響腎臟健康，易掉髮康涵菁指出，頭髮在中醫理論中，除了需要充足的血液化生，更需要腎臟中的精氣催化和促進。腎虛，通常與遺傳體質有關，但鹹味易影響腎臟，適量則可增強其功能，長期飲食過鹹將損傷腎精運化，頭髮容易脫落。建議飲食上少鹽，並採用中藥炙何首烏、女貞子、熟地黃、山萸肉克調理。風邪：頭皮收縮、血液減少，易落髮中醫認為「百病生於風」，而頭部一直是風邪攻擊的主要目標。康涵菁強調，人體在兩種情況下最怕風，分別是出汗後和睡著後，此時全身毛孔處於敞開狀態，容易遭受風邪侵襲。當風吹過張開的毛孔時，皮膚遇冷收縮，瞬間減少頭髮毛囊部的血液供應，所以，頭髮最容易在睡醒後脫落；而洗頭髮後，也應該盡快吹乾。平時在容易受風脫髮的局部，可用薑汁塗敷並適時按揉，將有效預防髮際線上移。|https://heho.com.tw/archives/237226|https://encrypted-tbn2.gstatic.com/images?q=tbn:ANd9GcTRre8ny-SL-RpwnOHz-xxAHuV_fjGnXzbZ-Qhk9Jx1yczx3DPVGkkFHAZN
落髮_20181022_4|2018-10-22|落髮|秋季容易落髮，到底掉多少頭髮才有問題？ - Heho健康|媽媽：「阿美妳怎麼最近洗頭髮都一直掉？」阿美：「我也有發現，最近頭髮掉得特別多，好像每年開始轉秋天就會掉得特別多。」媽媽：「要不要去美容院做一下毛囊檢測？」阿美：「我還是去給皮膚科醫師看一下好了。」天氣漸漸轉涼入秋，很多人在洗頭髮的時候發現掉髮量變多了，而開始擔心自己是不是內分泌失調或是有癌症，這到底是怎麼回事呢？掉多少頭髮才有問題？很多人可能會注意到，本來夏季掉髮量只有30~40根，但到了入秋後就會變成掉60~80，而開始擔心倍增的掉髮量是否正常？三總皮膚科醫師陳冠宇表示：「一個人的頭皮約有10萬根頭髮，每天在枕頭上、梳子上和洗髮時的掉髮量，加總起來不要超過100根都是正常的。為何入秋掉髮量變多？陳冠宇說，影響掉髮量的因素有氣候、新陳代謝以及飲食等等，當換季時氣候會影響體內的新陳代謝，或是夏季和秋季的飲食改變，都會造成入秋掉髮量變多的現象，只要不是毛囊萎縮、頭皮疤痕阻塞導致頭癬或頭皮纖維化和外傷，頭髮還是會正常生長。陳冠宇表示，會產生嚴重掉髮的原因有雄性荷爾蒙分泌旺盛造成的雄性禿、化療、免疫療法等；會使用頭皮檢測儀去檢測頭髮粗細和毛囊單位；若一個毛囊單位有3~4根頭髮為正常，而一個毛囊單位只有1~2根頭髮則為稀疏。美容院頭皮SPA　無法全面挽回嚴重掉髮目前理容院，會利用頭皮檢測儀幫助客戶檢測頭皮毛囊的健康與否，及提供頭皮SPA，利用清洗護理頭皮和精油按摩來保養頭皮，幫助頭髮。對此陳冠宇表示，頭皮SPA可能只對脂漏性皮膚炎導致的毛囊阻塞有效，而頭皮檢測儀操作方便，但若要精準判斷頭皮所出的問題原因，建議還是需要請醫師診斷。例如：多囊性卵巢患者，會因為內分泌失調，體內雄性荷爾蒙過多，而造成掉髮的問題。需要醫師依照患者病史和內分泌及其他儀器和檢測的報告數據，進行綜合診斷，並依診斷幫助患者調整內分泌，才能改善掉髮問題。此外，若是因為化療或免疫療法造成的落髮，則在停用化療藥物或免疫製劑後，掉髮就會得到改善。|https://heho.com.tw/archives/25492|https://encrypted-tbn3.gstatic.com/images?q=tbn:ANd9GcTtSmSUi-dGFgRLvagz_VXLm8ZETXxR4CsId8VZE-Hvtj6F-quFnnqSJHEw
落髮_20211125_5|2021-11-25|落髮|COVID-19／突然「大落髮」和新冠疫苗有關？醫師：免疫反應異常恐 ...|接種完新冠疫苗後，不少人都擔心副作用的發生，而除了發燒、注射部位痠痛外，有人也出現「掉髮」的狀況，是否和疫苗有關聯性呢？台安醫院皮膚科主治醫師蔡長祐與高雄市立大同醫院整形外科主任沈彥廷也進行解析。根據《朝鮮日報》一篇報導表示，研究統計在接種新冠疫苗後，不少民眾出現掉髮的情形，甚至有些人幾乎快成禿頭，而女性又為男性的 2.5 倍，且以接種AZ疫苗後掉頭髮的案例最多。台安醫院皮膚科主治醫師蔡長祐表示，可能為毛囊產生抗原相似性，另外，高雄市立大同醫院整形外科主任沈彥廷也指出，當免疫反應異常，可能會造成「鬼剃頭」圓禿，如果範圍擴大，有時候還是會造成廣泛性掉髮。接種疫苗後落髮 可能為「毛囊產生抗原相似性」另外，沈彥廷醫師指出，目前並沒有直接的研究證實打完疫苗和落髮之間的相關性，而為何較多人接種 AZ 疫苗後出現掉髮的情形呢？沈彥廷表示，AZ 攜帶的腺病毒較容易有變異性，刺突蛋白（棘蛋白）跑到全身的循環中會誘發一些不正常的免疫反應（例如：血栓），可能因此讓身體的免疫細胞去攻擊毛囊，造成頭髮掉落。molecular mimicry （分子相似）假說：當身體感染某些病原體時，病原體產生的抗原和身體某部分的抗原過於類似，導致自身產生的抗體攻擊自身抗原的自體免疫疾病。女性落髮較男性嚴重 與荷爾蒙有關而女性落髮較男性嚴重的原因，沈彥廷醫師則認為為何女生落髮會比較嚴重 主要還是和女性荷爾蒙有關，女性荷爾蒙會於新冠疫苗會產生比較嚴重的免疫反應，至於男性的睪固酮則會抑制免疫反應，所以女性的免疫反應會比男性強，打完疫苗落髮的人數也比男性多很多。另外女性落髮的原因，很多和自體免疫疾病有關，而疫苗本來就會讓免疫系統會活化或是產生一些反應，同時可能會讓有自體免疫疾病的女性落髮的情況更加嚴重。而無論男性或是女性，大部分落髮的原因都是「雄性禿」為大宗，其中女性落髮原因除了雄性禿以外，還有其他複雜的原因像是產後落髮、甲狀腺機能亢進或是低落、更年期的落髮、營養不良等，也會導致落髮。異常落髮三大原因：圓禿、休止期落髮、生長期落髮蔡長祐醫師說，以個人臨床經驗來看，確實有患者接種完新冠疫苗後，掉髮更加嚴重，不過這些患者本身就有落髮的問題在進行追蹤，且大部分都是圓禿的病患，接種疫苗後卻出現落髮狀況惡化。而除了幾種疫苗外，造成短時間大量落髮的原因可能有圓禿、休止期落髮、生長期落髮這三種：圓禿臨床上較容易判斷，通常為十元至五十元硬幣大小的禿塊，可以透過肉眼判斷皮上會出現幾塊「空地」，有些人出現十幾塊的空地則稱為廣泛性圓禿，如果狀況再惡化就會變為「全頭禿」。休止期落髮比較常見的狀況為產後落髮，生產完 2 至 3 個月會開始掉頭髮，經歷大手術或是心理壓力過大也會造成落髮，另外，用較激烈的減肥方式造成營養不均衡也會出現掉髮，而有些休止期落髮則是沒有原因的，不過大部分的休止期落髮都會恢復。而急性休止期落髮基本上 3 個月以上就會減緩，半年至一年頭髮就會慢慢長回。生長期落髮做完化療、放射線療法的民眾，會開始大量掉髮，因為藥物造成頭髮生長週期改變造成生長期落髮，不過療程結束後頭髮就會慢慢長回來。出現落髮該就醫嗎？蔡長祐：建議觀察一個月而落髮到什麼程度應該要趕快就醫檢查呢？蔡長祐醫師表示，建議至少觀察一個月左右，如果開始注意到有掉髮情形，較準確的搜集方式為睡覺時在枕頭上鋪上白毛巾，白天起床再計算落髮根數，可以以每天或是每星期為單位，觀察掉髮量的變化及差異，若持續出現有掉髮量增多的狀況再去就醫。一天掉超過 100 至 150 根以上的頭髮，就可歸類為異常落髮，就醫時醫師也會進行「拉扯測試」判斷掉髮程度，醫師會用拇指、食指扯 20 至 30 根接近髮根處的頭髮，若每次都能扯下 5 至 6 根，就代表有異狀。蔡長祐醫師也補充，夏天轉秋天時本來就是比較容易落髮的階段，季節性落髮大約會持續 1 至 2 個月，「但通常不會掉得非常誇張，並不會造成禿頭，不用過度擔心。」避免異常落髮 沈彥廷：生活作息很重要！日常生活中要怎麼保養頭皮，避免異常落髮呢？沈彥廷醫師表示，要維持正常的生活作息並維持均衡飲食，此外，適當的紓解壓力也可以讓頭髮不會容易脫落、維持頭皮健康。而頭皮又分為油性、中性、乾性，因此選擇適合自己頭皮的洗髮精也很重要，洗澡時也要記得避免用太熱的水，「當油脂被水沖掉時反而會讓頭皮更加油膩，會讓毛囊更容易阻塞，影響到頭髮健康。」  另外，菸當中的尼古丁會造成頭皮血管收縮、頭皮營養變差，因此戒菸也很重要，此外，攝取適量蛋白質、鐵、鋅，也有助於維持頭髮健康。參考資料：“백신 맞고, 머리 빠져요” 240건…여성이 남성보다 2.5배 많아|https://heho.com.tw/archives/197242|https://encrypted-tbn1.gstatic.com/images?q=tbn:ANd9GcQvAIti8pdWvbgY7jqwQ8MPVb1VqvCQpMWh7DVnfgPelyQBx7H9tRV5M9Tr
憂鬱_20220818_1|2022-08-18|憂鬱|艾成墜樓／我是憂鬱症嗎？第一次看診前如何自我評估與心理準備 ...|藝人艾成 17 日在蘆洲捷運站附近的住宅墜樓身亡，現場並未發現任何遺書，法醫相驗結果認為這是一起意外。據了解，艾成過去就曾透露自己面臨低潮、受憂鬱症困擾，生前一晚因心情不好到樓上找妻子王瞳，不料隔天竟發生憾事。林口長庚醫院復健及社區精神科主任張家銘醫師表示，憂鬱是正常的情緒，人遇到挫折、失落、不如意，難免會悶悶不樂，但如果鬱悶情緒過為嚴重，持續時間過久，無法拉回、失去控制，就要小心是憂鬱症的可能。張家銘醫師提到，依照目前診斷憂鬱症的標準，共有 9 個症狀，至少 4 個症狀以上，持續超過 2 週，且大部分的時間皆是如此，就要小心可能是得了憂鬱症。這些症狀包括：張家銘醫師說明，一旦發現自己陷入過久、過嚴重的情緒低潮或興趣缺乏，伴隨著許多的身心症狀、負面思考，可能就要懷疑自己是否得了憂鬱症。現在網路上都有簡單的自填量表，可以自我監測、自我評估自己的情緒狀態。若是自我評估分數嚴重，建議要尋求專業協助。心理狀態的自我評估由台灣大學醫學院名譽教授、台灣憂鬱症防治協會名譽理事長、精神科醫師李明濱等人所發展的「心情溫度計」（簡式健康量表，BSRS-5），目的在於能迅速瞭解個人的心理照護需求，進而提供所需心理衛生服務。李明濱醫師強調，測量情緒或情緒障礙的量表是相當重要的篩檢工具，這種測量方法可以讓每一個人知道，自己的情緒是不是真的發燒了，必須要接受專業的諮詢。李明濱醫師表示，「心情溫度計」的優點在於簡單明嘹，一般而言 5 分鐘內就可完成，不需要花錢，也不會給進行測量的人帶來困擾或傷害，因此容易被普遍使用，是很好的自我心情檢測工具。資料來源：全國自殺防治中心、台灣自殺防治學會李明濱醫師說明，首先，一個人面臨壓力或憂鬱、焦慮等情緒障礙時，交感神經系統活動增加，最常見的症狀就是睡不著覺，有失眠的問題。而人在壓力之中，會產生危險的感覺，容易感到緊張不安，至於在面臨不安、挫折或自尊心沒有被滿足的時候，也會產生憤怒的感覺。如果面對的情緒障礙是憂鬱，或是出現像失敗、債務、離婚、親人死亡等生活壓力事件，這些令人失落的事情也會導致憂鬱，所以心情低落也是測量的一項重要指標。李明濱醫師指出，不同的年齡層有不同的壓力源，但人際衝突是相當常見的一個壓力源，人際衝突中間有很多原因，但最後的感覺就是不被尊重，覺得自己比不上別人。為了讓進行「心情溫度計」的測量者，不會因為記憶的影響誤填或影響結果，李明濱醫師建議，若要針對這 5 個問題來評量自己的困擾程度，要以過去一個禮拜之內的情況來回答，包含填表當天的狀態。在評估自己的分數時，是對於心理困擾主觀感受的嚴重程度來填寫，每一題從 0 分到 4 分，0 分是沒有困擾，4 分是非常困擾，憑直覺來填寫即可。李明濱醫師解釋，既然稱為「心情溫度計」，就是要評估是有發燒還是沒發燒，發燒也有分輕度、中度與重度，一般來說總分越高就代表情緒困擾越嚴重。根據各項調查還有臨床上的診斷，總共 5 題每一題有 4 分，總分是 20 分，分數如果在 6 分以下，就是一般常人可以承受的範圍。李明濱醫師表示，喜怒哀樂跟壓力每個人都有，面對壓力一定有情緒上的反應，透過運動、休閒等方式，就可以把分數降低。但如果分數超過 6 分以上的話，就代表自己的情緒已經達到需要自我關懷的程度。分數落在 6 分到 9 分之間，算是輕度的情緒困擾，這可能是因為生活壓力、人際壓力、經濟壓力導致憂鬱、焦慮、憤怒、失眠、不安的結果，李明濱醫師提醒，就像紅綠燈的黃燈一樣，要小心一點，留意自己近期的壓力狀況，可以找親友聊聊來抒發情緒，進行壓力管理。分數若在 10 分以上，則代表困擾程度已非靠個人能解決，除了向親友傾訴之外，也可以向心理衛生專業人員尋求協助，獲得情緒管理與壓力管理方面的指引。若在 15 分到 20 分，李明濱醫師建議可與專業的精神科醫療團隊交談，評估看看是否需要進一步的治療。此外，為了自殺防治工作與自殺防治守門人概念的推廣，「心情溫度計」還附加了 1 題關於自殺想法的評估，這不包含在前 5 題總分 20 分內，是一項非常重要的獨立判斷指標。李明濱醫師強調，一個人無論身心狀況如何，只要有出現自殺想法，就代表背後有嚴重的情緒問題，如果這題是 2 分或 2 分以上的話，就建議主動尋求心理專業人員協助，來了解自殺意念的原因以及如何去預防。身心科、精神科的診療過程近期身心科、精神科的看診人數大幅增加，但根據很多的調查結果，還是有很多人不知道該怎麼看診或是不敢去看診。對此，全國自殺防治中心秘書長、精神科醫師鄭宇明說，簡單來講，看診時醫師會聊聊你的生活、談談你的困擾、聽聽你的抱怨，再從這些過程中，來討論如何以專業的方式協助解決你的問題。鄭宇明醫師提到，常見的看診原因有以下幾點：想要有個安全又有人可以聽我說話的地方。覺得心情感到焦慮、憂鬱、容易生氣、感受不到快樂、不安、害怕、焦躁、悲傷，不知道如何處理。飲食、作息或體重出現明顯變化。睡眠出現變化：入睡困難、淺眠、睡眠中斷、多夢、失眠、嗜睡，影響了生活。出現跑遍各科也難以解決的身體症狀，例如：胸悶、呼吸不順、喉嚨異物感、耳鳴、暈眩、心悸、長期腸胃不適、脹氣、打嗝、拉肚子、頭痛、肩頸緊蹦、血壓不穩等。出現傷害自己或傷害他人的念頭、沒辦法出門。注意力不集中、忘東忘西、難專心，或沒辦法上班上學、懷疑自己失智。人際互動的困擾：親子、夫妻、伴侶、同儕關係。創傷事件：一些生命中難以訴說、難以承受之痛。個性議題：急躁、思考執著、講話直接、自我要求高、思緒無法停止。第一次看診可以做什麼準備 ?鄭宇明醫師建議，如果可以，試著整理一下自己的狀況，一方面了解自己的看診需求，另一方面則是透過整理來減少對症狀的未知感，能讓情緒稍微緩和一些。資料來源：鄭宇明醫師鄭宇明醫師提醒，如果擔心到時候忘記自己想說的話，也非常推薦大家把想法記在手機或寫下來，讓自己能掌握的資訊多一點，比較不會過度緊張。在做好看診的準備後，提高自己的醫療可近性，就能夠讓身心更加健康。珍惜生命，擁抱希望！ 免付費安心專線 1925 免付費生命線 1995 張老師 1980|https://heho.com.tw/archives/236053|https://encrypted-tbn2.gstatic.com/images?q=tbn:ANd9GcTpZQz6USf9OaLLoAOSmd4Z6xgUXY3LenaAz-KGudqTf5FzjB5RK1UZYwzU
憂鬱_20221019_2|2022-10-19|憂鬱|憂鬱症增加失智症風險！大型研究：及時治療可降低未來失智的可能性|憂鬱症長期以來被認為與失智風險增加有關，最近發表在《生物精神醫學》（Biological Psychiatry）上的一項研究提供了新的證據，表明及時治療憂鬱症可以降低特定族群患者的失智風險。全世界有超過 5,500 萬人患有失智症，這是一種主要影響老年人、導致失能的神經認知疾病，目前尚無有效的失智症治療方法，但調查能夠減少或預防失智症的方法將有助於減輕疾病所帶來的負擔。此項研究由中國上海復旦大學華山醫院神經內科主任郁金泰醫師、復旦大學類腦智能科學與技術研究院教授程煒博士所領導。郁金泰醫師和程煒博士使用「英國人體生物資料庫」（UK Biobank）的數據，包含 50 多萬名參與者的長期健康資訊，研究分析超過 35 萬人，其中有 4 萬 6,280 名憂鬱症患者，在研究過程中，725 名憂鬱症患者失智。先前的研究主要針對藥物治療和心理治療等憂鬱症介入措施是否可以降低失智的風險，得到了各有好壞的結果，使相關問題仍然懸而未決。郁金泰醫師指出，隨著時間的推移，老年人似乎會經歷不同的憂鬱模式，因此個人症狀的差異性可能會帶來不同的失智風險，以及憂鬱症治療效果和預防失智相關的變化。為了理解這些問題，研究人員將參與者分為 4 種憂鬱症狀況：病情惡化，其輕度初始症狀逐漸增加；病情好轉，從中度或重度的症狀開始，但隨後逐漸減少；病情嚴重慢性化，伴隨持續性的重度憂鬱症狀；病情慢性化，輕度或中度憂鬱症狀持續出現。憂鬱症增加失智風險、及時治療可有效預防研究發現，憂鬱症增加了失智的可能性，與沒有憂鬱症的人相比，風險提高了驚人的 51%。然而，風險程度取決於憂鬱症的病情。那些病情惡化、慢性化的人更容易失智，而病情好轉者所面臨的風險，沒有比無憂鬱症者更大。研究人員最想釐清的問題，是能否透過接受憂鬱症治療來降低失智風險增加。整體而言，與未經治療的人相比，接受治療的憂鬱症患者失智風險降低了約 30%。當研究人員用病情程度來分析時，發現那些憂鬱症病情惡化和輕度慢性化的患者在接受治療後，失智風險較低，但對於病情嚴重慢性化的患者，沒有觀察到治療對於失智風險的好處。美國耶魯大學（Yale University）精神醫學教授暨主任醫師、《生物精神醫學》期刊編輯委員 John Krystal 強調，此研究再次證明，無效的憂鬱症治療帶來重大醫療風險，在這種情況下，憂鬱症讓失智風險增加了 51%，而有效治療與此風險的顯著降低有關。程煒博士則提到，這代表老年憂鬱症患者需要及時治療，提供他們憂鬱症治療不僅可以緩解情緒症狀，也可以推遲失智症的發作。而此發現也為先前的研究提供了啟示，憂鬱症病情的程度可能解釋了過往研究在治療效果上的差異。|https://heho.com.tw/archives/246103|https://encrypted-tbn1.gstatic.com/images?q=tbn:ANd9GcRWi-TWzLcrFr3KjH9b-H5kQWvk0nwg0WLuZCH5LYF2qBNCbk2ytCSG-ITy
憂鬱_20230207_3|2023-02-07|憂鬱|是多愁善感還是憂鬱症前兆？憂鬱症四部曲症狀出現兩週以上快就醫 ...|想到難過的事情不自覺掉淚，是多愁善感還是憂鬱症前兆？與憂鬱的心情不同，憂鬱症會影響一個人的思想、行為，美國世界衛生組織更於 2020 年將憂鬱症列為世界上必須重視的三大疾病之一。憂鬱症狀又分生理及心理，其中生理症狀包括食慾不振、疲勞、體重減輕、腸胃不適、消化不良或是頭痛及疲勞等，臺安醫院心身醫學科暨精神科主治醫師許正典表示，從憂鬱的心情到憂鬱症的發生，又分為四個進程。第一階段為「憂鬱的心情」，他指出，當心情憂鬱時，心中會覺得悶悶的、不太想說話，不過這種狀態可能會隨時間而有所改善。第二階段為「憂鬱的情緒」，舉例來說，若天氣不好或一大早就遇到不喜歡的人，可能會讓人一整天的情緒、心情都相當差，這就是憂鬱的情緒。憂鬱症狀達兩週以上、影響生活功能時建議就醫第三階段則為「出現憂鬱的症狀」，許正典醫師分析，除心情差以外，若心情不佳持續二至三天，並合併提不起勁、不想做任何事、社交能力退縮、拒絕和他人互動等，都符合憂鬱的症狀。若憂鬱的症狀持續兩個禮拜以上，並開始出現食慾下降、睡不好，甚至出現想不開的念頭時就可能是憂鬱症，許正典醫師提醒，「一旦出現想不開的念頭，就是重度憂鬱症的表現，因此出現憂鬱的情緒、症狀達兩週以上，且生活功能已經受到影響（例如：食不下嚥）時，就建議尋求專業管道。」生活落實「4動」避免憂鬱症發生當罹患憂鬱症，有些人會不自覺陷入負面情緒、不自覺掉淚，憂鬱症患者要如何在日常生活中照顧自我情緒呢？許正典醫師分享，憂鬱症的發生和壓力累積有關，因此平常一定要做好壓力源的管理。另外，很多時候憂鬱症是由於長期身體狀況不佳造成，因此在日常生活中可落實運動、勞動、活動、互動，透過「4動」可幫助避免憂鬱症的發生。他強調，當面對生理或是心理壓力，一定要找出壓力源並處理，若過程當中覺得有困難，可求助相關資源或是支持管道，例如透過心理諮商，請心理師協助或幫助達到舒壓的方式，許正典醫師說，「憂鬱症是累積而成，但治療沒有奇蹟，治療部分就是慢慢將憂鬱的情緒抽絲剝繭，帶領患者走出憂鬱。」如何陪伴憂鬱症患者？除了憂鬱症患者本身的自我照護，旁人的體諒、幫助也很重要！許正典醫師分享，發生憂鬱症時，憂鬱的心情已經如影隨形，患者會陷入憂鬱的狀態，因此建議陪伴者可遵循「3同」，一同陪伴憂鬱症患者紓解情緒。第一為「同理」，他表示，要以同理心面對憂鬱症患者，接著可與對方「同伴」，可以適時告知對方「我知道你現在的不舒服不是你自己造成的，我知道你也想要好好的，不想要腦中一直浮現負面的想法。」最後為「同處」，可與憂鬱症患者一同面對、一同處理憂鬱的情緒或來源，一起找出能緩和情緒的方式及出口。|https://heho.com.tw/archives/261773|https://encrypted-tbn1.gstatic.com/images?q=tbn:ANd9GcTmEArqOXyRPBRRpQeVfaSQsP2Pyf6puLRnyh-G12gD_yt84SknM33h1qU
憂鬱_20181013_4|2018-10-13|憂鬱|週末醫學故事：月亮惹的禍？憂鬱症被命名前人們怎麼看待它 ...|幾個世紀以來，人們對憂鬱症的本質與病因的理解一直在不斷加深，現在，大部分的人都已經知道，憂鬱症是一種精神上的疾病，患病者絕對不是「假憂鬱」，而是因為疾病，導致他們無法受「失落」及「無望感」所擾，最後甚至走上絕路。所幸，現在已經有良好的治療方式可以控制憂鬱症的憂鬱情緒，讓憂鬱症患者不再求助無門。不過，憂鬱症的命名與治療，其實是直到晚近才普及開來。其實，人們很久以前，就對於這種會有憂鬱情緒的疾病留下了紀錄，但是因為醫學不普及，許多對於這種疾病的解釋，現在看起來，實在有些奇特。4千年前的憂鬱症古希臘的醫學大師、西醫奠基人希波克拉底創造了詞語melancholy （其詞源則源於希臘語中表示「黑暗的」和表示「黏液的」），指代憂鬱的思緒，認為它是人體內部的黑膽汁在體液中佔據過高比例時導致的。而早期的基督教義，則將憂鬱症狀，歸結為魔鬼的作祟，和上帝對人類不能抵抗誘惑的懲罰。雖然憂鬱症的名人一籮筐，一直到19世紀，「憂鬱症」才被醫界定名為“depressioon”，並開始研究科學的治療方式。《憂鬱的解剖》羅伯特·伯頓把有這種憂鬱現象的人稱為「憂鬱者」，據他的觀察，他認為，「從天然的身體機能上來看，憂鬱者往往擁有極大的胃口，他們貪吃，卻消化不了。憂鬱者的脈搏，除了那極為強勁有力的頸動脈以外，都是呈微弱、沉緩之狀的。他們的排泄物或糞便，也將呈乾硬之狀，其中有的還會發黑、變少。」憂鬱現象的成因－乳母、巫婆跟星象！因為，羅伯特·伯頓用理性的思維方式對憂鬱現象分門別類，總結出它們不同的形成原因和症狀，其中竟然包括了體液、星相、乳母、教育以及巫婆！羅伯特·伯頓認為，乳母的乳汁會傳達乳母的思想，如果乳母思想醜惡，就會透過乳汁影響嬰兒體液，讓嬰兒成年後出現憂鬱現象；而巫婆則能夠操控星象、思想，引誘人們墜入憂鬱深淵。憂鬱症的療法雖然說羅伯特·伯頓觀察出的憂鬱症成因有些荒謬，但是，他給出的解決方法卻又幾分道理。1.空氣－羅伯特·伯頓認為，氣溫過冷或過熱對憂鬱症有害處，必須讓有憂鬱現象的人待在空氣流通、乾淨的地方。現代憂鬱症的治療1.好好休息如果是上班，先留職停薪，學生則可先請假，好好休養身體，這雖然簡單，但常常因為患者性格使然，往往會認為「對不起別人」、「不自己做不行」，而不願意好好休息。應該要努力認為「現在應該要做的事情就是休息」讓身心都得以安歇。在家休養的時候，有時也可以聽一些療育型的音樂，儘量讓身心放鬆。2.藥物治療治療憂鬱症，藥物療法是非常重要的，雖然一段時間才能看見成效，不過現在藥物成效良好，副作用或依賴性幾乎沒有，而且安全性很高，不用擔心成癮的問題。藥物療法主要使用抗憂鬱劑，輔以使用抗焦慮藥與助眠藥。抗憂鬱劑的種類繁多，在此建議有使用抗鬱劑的人，不妨記住自己服用的藥名，好方便和醫師清楚溝通服藥的方式及副作用的可能狀況以及應對方法。此外，千萬不可驟然停止就醫及服藥，務必與醫師討論後再決定。3.心理治療除了休養與藥物，尋找導致憂鬱症的原因，並針對原因進行心理療也是相當重要的。主要是透過與醫生的對談，讓病人發覺自己的心理問題。心理治療的派別有很多，目前常用的療法則是有：認知行為治療、精神分析取向心理治療、人際取向的心理治療與藝術或音樂療法。4.物理治療利用電的物理療法治療重度憂鬱症的患者是很有效果的，目前常見的有電療(ECT)與腦深部電刺激手術(DBS)。原理是給予腦部電療等物理性的刺激，以改善神經傳導物質的狀態。|https://heho.com.tw/archives/24703|https://encrypted-tbn3.gstatic.com/images?q=tbn:ANd9GcRt1U8_nY0_juEh38vh2Ykj81gjf1UE4dSOD9cjshhuDSZKqDyMR3uMq7CD
憂鬱_20220418_5|2022-04-18|憂鬱|母嬰同室、母乳哺餵至產後憂鬱！一張表搞懂產後憂鬱、簡易居家檢測|近日，網路最夯的議題，莫過於政府推動「母嬰親善」、「母乳哺餵」，因為過於嚴格，導致成為產婦產後憂鬱的兇手之一。專家籲，搞懂產後憂鬱，隨時保持警覺，別因此遺憾終身。放過媽媽吧！別讓母嬰親善成為殘害身心元凶只要生過孩子的媽咪都知道應「母嬰親善」、「母乳哺餵」，使得產婦在經歷艱辛的產程後，仍無法好好休息，必須「母嬰同室」照顧孩子，並搶在第一時間哺餵母乳。如果無法如預期擠出初乳，除了被自責感掩沒，還要面對外界的審判，「沒有餵母奶，不是好媽媽」、「孩子要吃母奶，才會聰明」、「沒有奶，是因為你哺餵方式不對」等等傷人言語。這時，疲累的身心狀態確實會延伸至產後，嚴重時甚至出現產後憂鬱，讓媽咪陷入幽暗深谷，若無法適時處置，恐會造成遺憾發生。衛生福利部臺南醫院精神科主治醫師蔡佳倫提到，她就曾收治因產後憂鬱而有輕生念頭的新手媽咪。產後憂鬱多可怕！竟讓新手媽有自殘傾向陳小姐是一位新手媽媽，丈夫因覺得她最近狀況不佳，時常發呆、突然生氣、莫名掉淚，常說疲累無法帶孩子，吃不下越來越瘦，因此帶她就診。陳小姐則自述，每次想要好好陪小孩，卻又沒耐心，有時會有乾脆死了也好的想法。蔡佳倫表示，陳小姐的狀況很容易會想到是產後憂鬱，許多人都會覺得生育孩子是件快樂的事，怎麼會有產後憂鬱呢？甚至會覺得是產婦不想照顧孩子的藉口，而忽略產後憂鬱的嚴重性。產後憂鬱依嚴重程度分 3 類產後憂鬱是什麼呢？醫學上把生產相關的情緒症狀，依嚴重程度分成三個等級，分別為產後情緒低落（baby blues or postpartum blues）、周產期憂鬱症（perinatal depression）及產後精神病（postpartum psychosis）。50～80% 的產婦會出現「產後情緒低落」的症狀，而有快速的情緒變化，包含容易落淚、易怒、焦慮、失眠、沒有活力、食慾不振、覺得被擊垮了等，這些典型症狀會在產後 3 天離開醫院回家時開始出現，在第 10 天獲得緩解。蔡佳倫進一步說明，但有 20～25% 的產婦其產後情緒低落沒有在時間內獲得改善，甚至演變為「周產期憂鬱症」程度。周產期憂鬱症不只產後才會出現，有些人在懷孕期間就遇到了憂鬱症的困擾，部分則在產後幾個月才出現。基本上，從懷孕開始到產後 1 年內，都可能是周產期憂鬱症出現的時間。據統計，約 15% 的產婦會出現周產期憂鬱症，除了產後情緒低落之外，也會有些負面的想法，覺得自己無法照顧好小孩、比不上別人、活得沒有意義，甚至有自殺的念頭。因周產期憂鬱症是多因素造成的，除了過去病史和家族史、荷爾蒙的變化、產後身體不適、小孩有高度的照顧，以及情緒需求、生活壓力等，都需要綜合考量通盤調整。產後憂鬱別輕忽，快尋求專科醫師協助她提醒，周產期憂鬱症需尋求精神科醫師評估，後續需接受心理諮商或藥物治療，或是兩者同時介入，或考慮腦深層電刺激治療。並且需要周遭家人和職場的支持。其病程會持續數週至數月，需要耐心地持續依病況而調整應對方式。蔡佳倫表示，最嚴重的「產後精神病」盛行率約 0.1～0.2%，在產後數天就會出現，產婦的定向感、思考方式、知覺、判斷力和衝動控制都明顯受到影響，若沒有及時處理可能出現自殺和殺嬰的危險，不可不慎！很多人詢問，產後憂鬱什麼時候需要看醫生？蔡佳倫給出答案：「隨時！」只要產婦覺得自己不太對勁，需要外力支援協助，都應馬上尋求精神科、身心科等專科醫師幫忙。如果還有些猶豫，不妨使用愛丁堡產後憂鬱量表自我評估。|https://heho.com.tw/archives/214886|https://encrypted-tbn0.gstatic.com/images?q=tbn:ANd9GcQRxIK7IwkTpdH70lt7fShlDS79EuZD9ksLinUjBxSYW0kH3VXGQzYKrRcn
